Player_ID,player_name,Year,pitches,plate_appearances,at_bats,walks,intentional_walks,strikeouts,hit_by_pitch,singles,doubles,triples,home_runs,sac_flies,Avg_EV,Max_EV,EV_95,Avg_LA,Median_LA,Std_LA,sweet_spot,batted_balls,hard_hits,barrels,ground_balls,air_balls,popups,pulls,centers,oppos,spray_balls,hits,batting_average,total_bases,slugging_percentage,on_base_percentage,ops,iso,ab/hr,pa/hr,bb%,k%,xbh%,total_bases_per_pa,hard_hit%,barrel%,sweet_spot%,air_ball%,ground_ball%,popup%,pull_percentage,center_percentage,oppo_percentage,Round_Reached,plate_appearances_above_avg,home_runs_above_avg,Avg_EV_above_avg,Max_EV_above_avg,EV_95_above_avg,Avg_LA_above_avg,Median_LA_above_avg,Std_LA_above_avg,ops_above_avg,iso_above_avg,ab/hr_above_avg,bb%_above_avg,k%_above_avg,xbh%_above_avg,total_bases_per_pa_above_avg,hard_hit%_above_avg,barrel%_above_avg,sweet_spot%_above_avg,air_ball%_above_avg,ground_ball%_above_avg,popup%_above_avg,pull_percentage_above_avg,center_percentage_above_avg
405395,"Pujols, Albert",2015,1515,424,383,26,6,43,5,56,14,0,31,4,90.2919540229885,114.0,109.4,14.451149425287356,14.0,26.07670847518524,116,348,142,26,154,160,31,128,101,93,322,101,0.2637075718015665,208,0.5430809399477807,0.3254716981132075,0.8685526380609883,0.2793733681462141,12.35483870967742,13.67741935483871,0.0754716981132075,0.1014150943396226,0.1061320754716981,0.490566037735849,0.4080459770114942,0.0747126436781609,0.3333333333333333,0.4597701149425287,0.4425287356321839,0.0890804597701149,0.3975155279503105,0.3136645962732919,0.2888198757763975,2,-6.25,7.625,0.46891258277179304,0.5999999999999943,0.9993750000000006,-0.10996826065821885,-0.875,-0.893998244879036,-0.02846792091489936,0.03120843818936464,-4.732205822799536,-0.01995794962060704,-0.07770702561330602,-0.0007831975988128459,0.02031463758136659,-0.0022896729411862604,-0.005715677442321071,-5.050481319285316e-05,-0.0022781856242007903,0.01189219652670398,-0.009455993469874455,-0.025316180615262474,0.02033321566535462
405395,"Pujols, Albert",2022,719,180,156,15,1,31,4,23,6,0,6,4,83.20830039525691,111.4,107.58,15.138339920948615,15.0,37.69984622209631,70,253,76,10,107,85,59,62,35,32,129,35,0.2243589743589743,59,0.3782051282051282,0.3055555555555556,0.6837606837606838,0.1538461538461538,26.0,30.0,0.0888888888888888,0.1722222222222222,0.0666666666666666,0.3277777777777778,0.300395256916996,0.0395256916996047,0.2766798418972332,0.3359683794466403,0.4229249011857707,0.233201581027668,0.4806201550387597,0.2713178294573643,0.2480620155038759,2,-193.5,-13.75,-1.2159657071790093,-3.125,-0.788125000000008,-2.2560957961983608,-4.5,3.742731618138805,-0.14433201024894127,-0.07545552418069079,7.382395156926407,-0.022163317783960232,-0.028613486035298896,-0.028737474446102446,-0.08989815867484174,-0.005825098421178843,-0.027780385785493737,-0.017604113005852462,-0.0939101749936701,0.04485980013204788,0.05077516420443856,-0.002026124118379269,0.031876690327430096
425902,"Fielder, Prince",2015,1475,422,380,23,9,41,7,93,21,0,15,3,90.75128205128205,114.1,108.7,12.01139601139601,11.0,26.921576817328106,109,351,152,18,165,155,27,142,92,94,328,129,0.3394736842105263,195,0.5131578947368421,0.3981042654028436,0.9112621601396858,0.1736842105263158,25.33333333333333,28.133333333333333,0.0758293838862559,0.0971563981042654,0.0853080568720379,0.462085308056872,0.433048433048433,0.0512820512820512,0.3105413105413105,0.4415954415954416,0.4700854700854701,0.0769230769230769,0.4329268292682927,0.2804878048780488,0.2865853658536585,1,-8.25,-8.375,0.9282406110653341,0.6999999999999886,0.2993749999999977,-2.5497216745495646,-3.875,-0.04912990273616913,0.014241601163798134,-0.07448071943053367,8.246288800856373,-0.01960026384755864,-0.08196572184866321,-0.021607216198473056,-0.008166092097610433,0.02271278309575253,-0.02914626983843077,-0.022842527605215657,-0.020452858971287846,0.03944893097999014,-0.021613376316912458,0.010095120702719729,-0.012843575729888479
429664,"Canó, Robinson",2016,1637,458,421,30,2,64,4,79,26,2,28,1,87.02722891566266,111.4,107.24999999999996,14.759036144578314,15.0,26.678887761839608,145,415,149,25,177,198,37,158,79,111,348,135,0.3206650831353919,249,0.5914489311163895,0.3733624454148471,0.9648113765312368,0.2707838479809976,15.035714285714286,16.357142857142858,0.0698689956331877,0.1397379912663755,0.1222707423580786,0.5436681222707423,0.3590361445783132,0.0602409638554216,0.3493975903614458,0.4771084337349398,0.4265060240963855,0.0891566265060241,0.4540229885057471,0.2270114942528735,0.3189655172413793,1,37.75,3.0,1.4869154937445188,-2.9124999999999943,-1.6018750000000352,-2.895642338086713,-3.8125,-2.241190814451169,0.08634571721884399,0.010711971322962921,-0.7153489744602268,-0.010914355930141617,-0.0893897291676764,0.009326191301179745,0.053344268174042364,0.04144297278173148,-0.016704001409993494,0.02248164999714697,0.011731532289512292,0.04333094815043104,-0.05316882111766896,0.007831522975482286,-0.01162778248196436
444432,"Trumbo, Mark",2016,1577,439,409,27,1,118,2,67,17,1,33,0,87.3413612565445,117.2,112.095,20.51047120418848,20.0,30.68096172507976,122,382,129,40,140,166,68,128,75,85,288,118,0.2885085574572127,236,0.5770171149144254,0.337129840546697,0.9141469554611223,0.2885085574572127,12.393939393939394,13.303030303030305,0.0637813211845102,0.2687927107061503,0.1161731207289293,0.5375854214123007,0.337696335078534,0.1047120418848167,0.3193717277486911,0.4345549738219895,0.3664921465968586,0.1780104712041884,0.4444444444444444,0.2604166666666667,0.2951388888888889,2,18.75,8.0,1.8010478346263596,2.887500000000003,3.2431250000000063,2.8557927215234535,1.1875,1.7608831487889844,0.0356812961487295,0.02843668079917805,-3.357123866235119,-0.017002030378819116,0.03966499027209838,0.0032285696720304458,0.04726156731560072,0.02010316328195233,0.0277670766194016,-0.007544212615607726,-0.030821927623437995,-0.016682929349095876,0.03568502358049533,-0.0017470210858204216,0.021777389931828817
453568,"Blackmon, Charlie",2017,1881,468,423,31,2,91,5,80,23,11,23,4,82.54852652259332,112.0,105.92,17.62082514734774,20.0,27.50253457372991,191,509,134,31,184,270,52,161,77,80,318,137,0.3238770685579196,251,0.5933806146572104,0.3763440860215054,0.9697247006787156,0.2695035460992907,18.39130434782609,20.347826086956523,0.0705128205128205,0.1944444444444444,0.1217948717948717,0.5363247863247863,0.2632612966601179,0.0609037328094302,0.37524557956778,0.5304518664047151,0.3614931237721022,0.1021611001964636,0.5062893081761006,0.2421383647798742,0.2515723270440251,1,75.25,-2.875,-2.2207011698069152,-3.362499999999997,-4.436249999999987,-1.6583485106333278,-0.3125,-1.5087843876140496,0.04338124604171956,-0.013907717376442918,4.6621083019096545,-0.03221173742119936,-0.05282978388039811,0.008489865546711176,0.035152733224421584,-0.05189164184516332,-0.028890494579455882,0.027451049852255105,0.038207154900486096,0.013514300663259426,-0.049604154871097456,0.012988830246053684,-0.012858276978386957
453943,"Frazier, Todd",2015,1554,432,396,26,1,76,5,52,29,1,29,4,88.33647416413375,110.3,106.6,16.835866261398177,17.0,28.156202841822694,119,329,126,27,130,151,46,145,92,82,319,111,0.2803030303030303,229,0.5782828282828283,0.3310185185185185,0.9093013468013468,0.297979797979798,13.655172413793103,14.89655172413793,0.0625,0.1759259259259259,0.136574074074074,0.5300925925925926,0.3829787234042553,0.0820668693009118,0.3617021276595745,0.458966565349544,0.3951367781155015,0.1398176291793313,0.4545454545454545,0.2884012539184953,0.2570532915360501,4,1.75,5.625,-1.4865672760829653,-3.1000000000000085,-1.8006250000000108,2.274748575452602,2.125,1.185496121758419,0.01228078782545916,0.049814868022948544,-3.4318721186838523,-0.03292964773381454,-0.003196194027002719,0.029658801003563037,0.05984119243811015,-0.027356926548425142,0.0016385481804298274,0.028318289513048323,-0.003081735217185466,-0.035499760989978424,0.04128117593934194,0.031713745979881525,-0.004930126689441983
453943,"Frazier, Todd",2016,1679,431,379,41,1,93,4,45,13,2,28,6,83.17643979057593,113.5,105.795,25.87434554973822,27.5,32.53320405936788,110,382,94,24,113,161,106,136,73,74,283,88,0.2321899736147757,189,0.4986807387862796,0.3109048723897912,0.8095856111760709,0.2664907651715039,13.535714285714286,15.392857142857142,0.0974477958236658,0.2157772621809744,0.099767981438515,0.4385150812064965,0.2460732984293193,0.06282722513089,0.2879581151832461,0.4214659685863874,0.2958115183246073,0.2774869109947644,0.4805653710247349,0.2579505300353357,0.2614840989399293,3,10.75,3.0,-2.3638736313422157,-0.8125,-3.056874999999991,8.219667067073193,8.6875,3.6131254830771056,-0.06888004813632198,0.006418888513469223,-2.215348974460227,0.01666444426033649,-0.013350458253077513,-0.013176569618383857,-0.05180877289020347,-0.0715198733672624,-0.014117740134525103,-0.03895782518105273,-0.043910932859040075,-0.08736355762134718,0.13516146337107135,0.03437390549447006,0.01931125330049782
467793,"Santana, Carlos",2019,1694,445,376,61,7,62,1,73,21,1,23,0,87.49484536082474,112.8,106.865,11.989690721649485,13.0,30.6099052875517,111,388,134,25,180,159,46,160,75,79,314,118,0.3138297872340425,210,0.5585106382978723,0.4202247191011236,0.978735357398996,0.2446808510638297,16.347826086956523,19.347826086956523,0.1528089887640449,0.1393258426966292,0.1011235955056179,0.4719101123595505,0.345360824742268,0.0644329896907216,0.2860824742268041,0.4097938144329897,0.4639175257731959,0.1185567010309278,0.5095541401273885,0.2388535031847133,0.2515923566878981,1,32.5,-0.75,1.5340664666009616,-1.9249999999999972,-1.7593750000000057,-5.118098212720593,-5.4375,1.6675550476129182,0.07231006193765932,-0.01942842602206374,-0.16064422899615494,0.03612361892825916,-0.05546348487225486,-0.009101911503003574,0.006473283204878388,0.02872054483482528,-0.007370445971671316,-0.04116525505211044,-0.062373375188686075,0.07578937956769338,-0.011115632409132353,0.06998326758156803,-0.028772801986485824
471865,"González, Carlos",2016,1464,420,392,24,4,89,0,73,24,2,22,0,84.88818897637796,118.1,111.7,12.535433070866144,14.0,29.014822512020665,119,381,113,28,172,167,42,135,68,92,295,121,0.3086734693877551,215,0.548469387755102,0.3547619047619048,0.9032312925170068,0.2397959183673469,17.818181818181817,19.09090909090909,0.0666666666666666,0.2119047619047619,0.1142857142857142,0.5119047619047619,0.2965879265091863,0.0734908136482939,0.3123359580052493,0.4383202099737532,0.4514435695538057,0.1102362204724409,0.4576271186440678,0.2305084745762712,0.311864406779661,1,-0.25,-3.0,-0.6521244455401813,3.7874999999999943,2.8481250000000102,-5.119245411798882,-4.8125,0.0947439357298876,0.024765633204614,-0.020275958290687762,2.0671185580073033,-0.01411668489666272,-0.01722295852929001,0.001341163228815348,0.021580907808061878,-0.02100524528739539,-0.00345415161712119,-0.014579982359049504,-0.027056691471674277,0.06826849360785125,-0.03208922715125216,0.011435653113802957,-0.00813080215856668
518626,"Donaldson, Josh",2015,1640,456,410,37,0,90,4,72,23,0,27,4,91.73557692307692,113.6,110.0,9.618589743589745,10.0,28.614052951314,95,312,144,30,151,136,22,99,114,104,317,122,0.2975609756097561,226,0.551219512195122,0.3582417582417582,0.9094612704368804,0.2536585365853659,15.185185185185183,16.88888888888889,0.0811403508771929,0.1973684210526315,0.1096491228070175,0.4956140350877193,0.4615384615384615,0.0961538461538461,0.3044871794871794,0.4358974358974359,0.483974358974359,0.0705128205128205,0.3123028391167192,0.3596214511041009,0.3280757097791798,2,25.75,3.625,1.912535482860207,0.19999999999998863,1.5993749999999949,-4.942527942355831,-4.875,1.6433462312497262,0.012440711460992793,0.005493606628516445,-1.9018593472917722,-0.014289296856621642,0.018246301099702877,0.0027338497365065467,0.02536263493323687,0.05120281158578105,0.015725525033364135,-0.028896658659346763,-0.02615086466929356,0.05333781986887903,-0.02802363272716886,-0.11052886944885376,0.06629007049616359
518692,"Freeman, Freddie",2018,1685,473,409,49,9,85,3,79,29,3,18,3,84.70523138832998,109.2,104.04,16.643863179074447,18.0,24.70233940626944,195,497,126,31,175,283,35,167,56,94,317,129,0.3154034229828851,218,0.5330073349633252,0.40169133192389,0.9346986668872151,0.2176039119804401,22.72222222222222,26.27777777777778,0.1226215644820296,0.1797040169133192,0.1057082452431289,0.4608879492600423,0.2535211267605634,0.062374245472837,0.3923541247484909,0.5694164989939637,0.352112676056338,0.0704225352112676,0.526813880126183,0.1766561514195583,0.2965299684542586,1,56.25,-3.5,-0.6671569015695127,-2.9624999999999915,-2.5024999999999977,-1.7909439727440173,-1.875,-2.9608205353412487,0.025187407527780592,-0.042096140316975006,5.8496061686851135,-0.00915629212258437,-0.044179143041386676,-0.004331623154848405,0.005281559908360767,-0.05826395273521723,-0.014858890586082266,0.03763741383839819,0.05343299576372418,0.0010168248151826709,-0.05382976653299534,0.04666845875506975,-0.06461279980356996
519058,"Moustakas, Mike",2017,1474,394,372,16,2,70,1,49,17,0,30,3,81.96483516483516,112.9,107.46,23.984615384615385,25.0,29.07217557645489,153,455,106,27,131,226,91,159,59,69,287,96,0.2580645161290322,203,0.5456989247311828,0.2918781725888325,0.8375770973200152,0.2876344086021505,12.4,13.133333333333333,0.0456852791878172,0.1776649746192893,0.1192893401015228,0.5152284263959391,0.2329670329670329,0.0593406593406593,0.3362637362637363,0.4967032967032967,0.2879120879120879,0.2,0.554006968641115,0.205574912891986,0.2404181184668989,1,1.25,4.125,-2.8043925275650707,-2.4624999999999915,-2.896249999999995,4.705441726634316,4.6875,0.06085661511092866,-0.0887663573169809,0.004223145126416861,-1.3291960459164347,-0.057039278746202654,-0.06960925370555321,0.005984333853362278,0.01405637329557441,-0.08218590553824831,-0.030453568048226777,-0.01153079345178859,0.004458585199067722,-0.06006673519675487,0.048234744932438955,0.06070649071106804,-0.04942172886627513
519203,"Rizzo, Anthony",2015,1646,444,370,46,4,54,20,56,27,2,18,4,87.6406528189911,112.0,107.7,16.201780415430267,15.0,24.36003991047089,140,337,121,21,131,171,31,154,75,78,307,103,0.2783783783783783,188,0.5081081081081081,0.3896396396396396,0.8977477477477478,0.2297297297297297,20.55555555555556,24.666666666666668,0.1126126126126126,0.1216216216216216,0.1058558558558558,0.4234234234234234,0.3590504451038576,0.0623145400593471,0.4154302670623145,0.5074183976261127,0.3887240356083086,0.0919881305637982,0.501628664495114,0.2442996742671009,0.254071661237785,1,13.75,-5.375,-2.1823886212256127,-1.4000000000000057,-0.7006250000000023,1.640662729484692,0.125,-2.6106668095933863,0.0007271887718601766,-0.01843520022711978,3.468511023078605,0.017182964878798057,-0.05750049833130702,-0.0010594172146551478,-0.04682797673105904,-0.051285204848822874,-0.01811378106113487,0.08204642891578834,0.045370097059383274,-0.04191250349717135,-0.006548322676191154,0.07879695592954106,-0.049031706340836395
519317,"Stanton, Giancarlo",2016,1404,360,309,43,3,116,2,37,13,1,22,3,87.38387096774193,120.1,115.5,17.229390681003583,19.0,32.45225153180453,78,279,98,29,108,121,48,83,48,56,187,73,0.2362459546925566,154,0.4983818770226537,0.3361111111111111,0.8344929881337648,0.2621359223300971,14.045454545454543,16.363636363636363,0.1277777777777777,0.3222222222222222,0.1,0.4277777777777777,0.3512544802867383,0.1039426523297491,0.2795698924731182,0.4336917562724014,0.3870967741935484,0.1720430107526881,0.4438502673796791,0.2566844919786096,0.2994652406417112,4,-60.25,-3.0,1.843557545823785,5.787499999999994,6.648125000000007,-0.42528780166144386,0.1875,3.532172955513751,-0.04397267117862802,0.00206404567206242,-1.70560871471997,0.046994426214448395,0.09309450178817028,-0.012944551056898845,-0.06254607631892228,0.03366130849015658,0.026997687064334003,-0.04734604789118063,-0.031685145173026064,0.003921698247593919,0.02971756312899504,-0.002341198150585755,0.01804521524377173
519317,"Stanton, Giancarlo",2017,1559,407,357,40,5,95,4,49,20,0,29,1,84.88194070080863,118.7,113.9,18.857142857142858,19.0,32.287033150361,120,371,115,37,138,157,74,108,79,69,256,98,0.2745098039215686,205,0.5742296918767507,0.3611793611793611,0.935409053056112,0.299719887955182,12.310344827586206,14.03448275862069,0.1105651105651105,0.2334152334152334,0.1203931203931203,0.5036855036855037,0.3099730458221024,0.0997304582210242,0.3234501347708894,0.4231805929919137,0.3719676549865229,0.1994609164420485,0.421875,0.30859375,0.26953125,1,14.25,3.125,0.1127130084083916,3.3375000000000057,3.543750000000017,-0.4220308008382112,-1.3125,3.2757141890170374,0.009065598419115917,0.016308624479448364,-1.4188512183302286,0.007840552631090639,-0.013858994909609096,0.007088114144959787,0.0025134505851389655,-0.005179892683178811,0.009936230832138127,-0.024344394944635472,-0.06906411851231531,0.02398883187768014,0.04769566137448744,-0.07142547793004694,0.053597108241738856
521692,"Perez, Salvador",2021,1396,407,389,8,2,112,7,67,19,0,24,1,85.63830227743271,114.2,107.59,15.869565217391305,20.0,32.86987997485857,138,483,166,36,186,223,72,127,66,85,278,110,0.2827763496143959,201,0.5167095115681234,0.312039312039312,0.8287488236074354,0.2339331619537275,16.208333333333332,16.958333333333332,0.0245700245700245,0.2751842751842752,0.1056511056511056,0.4938574938574938,0.3436853002070393,0.0745341614906832,0.2857142857142857,0.4616977225672878,0.3850931677018633,0.1490683229813664,0.4568345323741007,0.237410071942446,0.3057553956834532,1,15.75,0.75,0.8083546670176958,-1.3125,-1.7037499999999994,-2.8147043414423294,-1.875,0.3447488873353919,-0.056141674687136156,-0.024915344068678402,-0.5740190749208445,-0.08324389488704007,0.04102010190719871,0.0007002839160096946,0.030694561642142237,0.04144984377454075,-0.006754892203523197,-0.01168455660210338,0.003183133670644156,0.02951229109654596,-0.02937227905027351,0.021665199186231998,-0.01836360721778274
542303,"Ozuna, Marcell",2024,1774,454,404,44,1,111,2,72,22,0,28,3,85.46072796934865,114.6,107.0,18.04588910133843,20.0,31.1230686105147,175,522,167,47,179,266,70,146,65,85,296,122,0.3019801980198019,228,0.5643564356435643,0.3722466960352423,0.9366031316788066,0.2623762376237623,14.428571428571429,16.214285714285715,0.0991189427312775,0.2444933920704846,0.1101321585903083,0.5022026431718062,0.3199233716475095,0.0900383141762452,0.3352490421455938,0.5095785440613027,0.342911877394636,0.1340996168582375,0.4932432432432432,0.2195945945945946,0.2871621621621621,1,0.0,5.75,0.9446397782394627,-0.0625,-0.5324999999999989,-0.7488142114276926,-0.9375,-0.9699484417256699,0.08966377225563993,0.0292090335869388,-5.404793233082708,0.019758603238479902,0.03335522817534095,0.0022432222539121305,0.043377171834936556,0.01924365742048284,0.02097922542976445,0.018891938834692035,0.04227020484549071,-0.009080538293620821,-0.0385634942187672,0.06236556288866535,-0.03432896159650814
542583,"Aguilar, Jesús",2018,1486,379,333,35,0,92,4,52,19,0,26,7,85.5513966480447,110.7,105.915,19.97765363128492,22.0,27.22670778643823,135,358,116,25,112,193,49,88,59,76,223,97,0.2912912912912913,194,0.5825825825825826,0.3588390501319261,0.9414216327145086,0.2912912912912913,12.807692307692308,14.576923076923077,0.0923482849604221,0.2427440633245382,0.1187335092348284,0.5118733509234829,0.3240223463687151,0.0698324022346368,0.3770949720670391,0.5391061452513967,0.3128491620111732,0.1368715083798882,0.3946188340807174,0.2645739910313901,0.3408071748878923,1,-37.75,4.5,0.17900835814521088,-1.4624999999999915,-0.6274999999999977,1.542846479466455,2.125,-0.4364521551724607,0.03191037335507407,0.03159123899387617,-4.0649237458447995,-0.03942957164419186,0.018860903369832344,0.008693640836851091,0.05626696157180133,0.012237266872934471,-0.007400733824282468,0.02237826115694641,0.023122642021157103,-0.038246689229982145,0.012619206635625269,-0.08552658729039586,0.023305039808261874
547180,"Harper, Bryce",2018,1831,470,375,74,12,115,3,41,17,0,25,6,85.47766497461929,115.1,108.77499999999998,17.81979695431472,19.0,27.35304038455832,133,394,120,32,148,199,45,126,53,68,247,83,0.2213333333333333,175,0.4666666666666667,0.3659574468085106,0.8326241134751773,0.2453333333333333,15.0,18.8,0.1829787234042553,0.2446808510638297,0.0893617021276595,0.3723404255319149,0.3045685279187817,0.0812182741116751,0.3375634517766497,0.5050761421319797,0.3756345177664975,0.1142131979695431,0.5101214574898786,0.2145748987854251,0.2753036437246963,4,53.25,3.5,0.10527668471979723,2.9375,2.2324999999999733,-0.615010197503743,-0.875,-0.3101195570523707,-0.07688714588425727,-0.014366718964081815,-1.872616053537108,0.05120086679964134,0.020797691109123828,-0.020678166270317808,-0.08326596381976664,-0.007216551576998909,0.0039851380527558405,-0.01715325913344301,-0.010907361098259849,0.024538666525342145,-0.010039103774719838,0.029976036118765315,-0.026694052437703147
571506,"Bour, Justin",2017,1362,381,336,37,6,82,1,54,14,0,22,1,84.46973684210526,114.9,109.59499999999998,17.838815789473685,19.0,30.37592313303048,105,304,96,26,106,152,44,139,60,46,245,90,0.2678571428571428,170,0.5059523809523809,0.3517060367454068,0.8576584176977877,0.238095238095238,15.272727272727272,17.318181818181817,0.1128608923884514,0.2152230971128609,0.0944881889763779,0.4461942257217848,0.3157894736842105,0.0855263157894736,0.3453947368421052,0.5,0.3486842105263157,0.1447368421052631,0.5673469387755102,0.2448979591836734,0.1877551020408163,1,-11.75,-3.875,-0.2994908502949727,-0.4624999999999915,-0.761250000000004,-1.440357868507384,-1.3125,1.3646041716865192,-0.06868503693920835,-0.045316025380495645,1.5435312268108365,0.010136334454431545,-0.03205113121198161,-0.018816817271782624,-0.054977827378579924,0.0006365351789293094,-0.004267911599412477,-0.0023997928734196816,0.007755288495771007,0.0007053874174729469,-0.007028412962297947,0.07404646084546329,-0.010098682574587736
571970,"Muncy, Max",2018,1230,294,239,48,5,67,1,31,11,1,22,1,86.41935483870968,111.7,106.43,20.98790322580645,23.0,25.85751707159845,85,248,86,30,79,135,33,86,38,42,166,65,0.2719665271966527,144,0.602510460251046,0.4047619047619047,1.007272365012951,0.3305439330543933,10.863636363636363,13.363636363636363,0.1802721088435374,0.227891156462585,0.1156462585034013,0.4897959183673469,0.3467741935483871,0.1209677419354838,0.3427419354838709,0.5443548387096774,0.3185483870967742,0.1330645161290322,0.5180722891566265,0.2289156626506024,0.253012048192771,2,-122.75,0.5,1.0469665488101896,-0.4624999999999915,-0.11249999999999716,2.5530960739879838,3.125,-1.8056428700122389,0.09776110565351637,0.07084388075697817,-6.008979689900745,0.048494252238923424,0.004007996507879141,0.005606390105423992,0.03418952901566541,0.03498911405260652,0.04373460587656454,-0.011974775426221829,0.02837133547943782,-0.032547464144381144,0.008812214384769257,0.03792686778551324,-0.01235328857252585
571976,"Myers, Wil",2016,1868,454,405,45,0,91,0,66,24,2,23,4,84.38575129533679,113.2,106.075,10.971502590673577,15.0,28.133479917738786,136,386,123,23,173,184,26,111,78,116,305,115,0.2839506172839506,212,0.5234567901234568,0.3524229074889868,0.8758796976124437,0.2395061728395062,17.608695652173914,19.73913043478261,0.0991189427312775,0.2004405286343612,0.1079295154185022,0.4669603524229075,0.3186528497409326,0.0595854922279792,0.3523316062176165,0.4766839378238341,0.4481865284974093,0.0673575129533678,0.3639344262295082,0.2557377049180327,0.380327868852459,1,33.75,-2.0,-1.1545621265813537,-1.1124999999999972,-2.7768749999999898,-6.68317589199145,-3.8125,-0.7865986585519913,-0.0025859616999491797,-0.020565703818528458,1.8576323919994007,0.01833559116794818,-0.028687191799690703,-0.005015035638396656,-0.023363501673792475,0.001059677944350912,-0.017359473037435895,0.02541566585331767,0.011307036378406632,0.06501145255145485,-0.07496793467032527,-0.08225703930075662,0.017098428183194847
592178,"Bryant, Kris",2015,1509,384,326,50,0,115,5,52,17,4,21,3,88.36489795918368,114.0,107.18,18.98775510204081,21.0,26.18432168124644,75,245,92,21,94,118,30,86,47,76,209,94,0.2883435582822086,182,0.558282208588957,0.3880208333333333,0.9463030419222904,0.2699386503067484,15.523809523809524,18.285714285714285,0.1302083333333333,0.2994791666666667,0.109375,0.4739583333333333,0.3755102040816326,0.0857142857142857,0.3061224489795918,0.4816326530612245,0.3836734693877551,0.1224489795918367,0.4114832535885167,0.2248803827751196,0.3636363636363636,1,-46.25,-2.375,-1.4581434810330336,0.5999999999999943,-1.2206249999999983,4.426637416095236,6.125,-0.7863850388178335,0.049282482946402806,0.02177372034989894,-1.5632350086674318,0.034778685599518744,0.12035704671373806,0.0024597269294890506,0.003706933178850902,-0.034825445871047855,0.0052859645938037325,-0.02726138916693438,0.019584352494495028,-0.04696306971772485,0.023912526351847346,-0.011348454977056277,-0.06845099783281769
592450,"Judge, Aaron",2017,1746,435,364,62,5,124,4,68,15,4,33,0,86.94583333333333,121.1,115.225,16.386904761904763,18.5,24.79357779031969,134,336,118,49,124,186,23,87,58,79,224,120,0.3296703296703296,242,0.6648351648351648,0.4390804597701149,1.1039156246052797,0.3351648351648351,11.030303030303031,13.181818181818182,0.1540229885057471,0.2850574712643678,0.1195402298850574,0.5563218390804597,0.3511904761904761,0.1458333333333333,0.3988095238095238,0.5535714285714286,0.369047619047619,0.0684523809523809,0.3883928571428571,0.2589285714285714,0.3526785714285714,4,42.25,7.125,2.17660564093309,5.737499999999997,4.868750000000006,-2.892268896076306,-1.8125,-4.217741171024269,0.17757216996828362,0.05175357168910144,-2.698893015613404,0.051298430571727255,0.03778324293952531,0.0062352236368968805,0.05514978598009501,0.03603753768519491,0.05603910594444721,0.0510149940939989,0.06132671706719961,0.021068795938776252,-0.08331287411518015,-0.10490762078718985,0.003931929670310252
592518,"Machado, Manny",2015,1552,445,401,36,1,71,1,74,21,1,20,4,90.04277286135694,114.9,108.53,15.359882005899705,16.0,27.969239992978935,107,339,129,19,149,147,41,110,121,97,328,116,0.2892768079800499,199,0.4962593516209476,0.3476297968397291,0.8438891484606768,0.2069825436408977,20.05,22.25,0.0831460674157303,0.1595505617977528,0.0943820224719101,0.447191011235955,0.3805309734513274,0.0560471976401179,0.3156342182890855,0.4336283185840708,0.43952802359882,0.1209439528023598,0.3353658536585366,0.3689024390243902,0.2957317073170731,1,14.75,-3.375,0.21973142114022437,1.5,0.12937499999999602,0.7987643199541292,1.125,0.9985332729146599,-0.053131410515210864,-0.04118238631595178,2.962955467523045,-0.012283580318084242,-0.019571558155175833,-0.012533250598600845,-0.023060388918527408,-0.029804676501353045,-0.024381123480364066,-0.01774961985744067,-0.02841998198265866,0.00889148449334004,0.02240749956237044,-0.08746585490703634,0.0755710584164529
592626,"Pederson, Joc",2015,1669,435,365,58,4,122,6,44,20,1,26,1,91.42072072072072,114.3,109.095,13.022522522522523,15.0,27.483511090167905,71,222,107,30,98,106,17,131,65,48,244,91,0.2493150684931507,191,0.5232876712328767,0.3663594470046083,0.889647118237485,0.273972602739726,14.038461538461538,16.73076923076923,0.1425287356321839,0.2804597701149425,0.1080459770114942,0.4390804597701149,0.481981981981982,0.1351351351351351,0.3198198198198198,0.4774774774774775,0.4414414414414414,0.0765765765765765,0.5368852459016393,0.2663934426229508,0.1967213114754098,3,4.75,2.625,1.5976792805040105,0.8999999999999915,0.6943749999999937,-1.538595163423052,0.125,0.5128043701036304,-0.007373440738402626,0.025807672782876545,-3.048582994015417,0.04709908789836936,0.10133765016201388,0.0011307039409832464,-0.031170940384367518,0.07164633202930154,0.05470681401465312,-0.013564018326706395,0.015429176910748021,0.01080490233596143,-0.021959876663412856,0.11405353733606638,-0.026937937984986504
592626,"Pederson, Joc",2019,1320,354,309,34,0,76,9,33,12,3,23,2,87.13721590909091,113.7,108.2,22.75284090909091,23.5,29.78122973162616,100,352,114,23,126,156,65,129,58,47,234,71,0.2297734627831715,158,0.511326860841424,0.3220338983050847,0.8333607591465086,0.2815533980582524,13.434782608695652,15.391304347826088,0.096045197740113,0.2146892655367231,0.1073446327683615,0.4463276836158192,0.3238636363636363,0.065340909090909,0.2840909090909091,0.4431818181818182,0.3579545454545454,0.1846590909090909,0.5512820512820513,0.2478632478632478,0.2008547008547008,2,-58.5,-0.75,1.1764370148671333,-1.0249999999999915,-0.4243749999999977,5.6450519747208325,5.0625,0.8388794916873756,-0.07306453631482801,0.01744412097235898,-3.073687707257026,-0.020640172095672732,0.019899937967839038,-0.002880874240259984,-0.0191091455388529,0.007223356456193597,-0.006462526571483912,-0.04315682018800543,-0.028985371439857577,-0.030173600750957097,0.054986757469030756,0.11171117873623082,-0.01976305730795133
593934,"Sanó, Miguel",2017,1557,399,351,43,5,142,0,51,14,3,25,0,87.21764705882353,114.6,110.6,19.715686274509803,21.0,28.28915477217735,104,306,112,32,104,154,46,96,47,52,195,93,0.2649572649572649,188,0.5356125356125356,0.3533834586466165,0.8889959942591521,0.2706552706552707,14.04,15.96,0.1203007518796992,0.3558897243107769,0.1052631578947368,0.4711779448621553,0.3660130718954248,0.1045751633986928,0.3398692810457516,0.5032679738562091,0.3398692810457516,0.1503267973856209,0.4923076923076923,0.241025641025641,0.2666666666666666,3,6.25,-0.875,2.4484193664232947,-0.7625000000000028,0.24375000000000568,0.4365126165287343,0.6875,-0.7221641891666088,-0.03734746037784398,-0.012755992820462969,0.3108039540835641,0.017576193945679344,0.10861549598593442,-0.008041848353423725,-0.029994108238209416,0.050860133390143614,0.01478093600980672,-0.007925248669773288,0.011023262351980145,-0.008109542063091169,-0.0014384576819401473,-0.0009927856223546638,-0.013971000732620142
594807,"Duvall, Adam",2016,1277,391,368,16,0,107,3,43,24,2,27,4,84.56222910216718,110.7,105.98,24.860681114551085,25.0,27.048078349335373,111,323,99,28,92,170,56,131,50,81,262,96,0.2608695652173913,205,0.5570652173913043,0.2941176470588235,0.8511828644501278,0.296195652173913,13.62962962962963,14.48148148148148,0.0409207161125319,0.2736572890025575,0.1355498721227621,0.5242966751918159,0.3065015479876161,0.0866873065015479,0.3436532507739938,0.5263157894736842,0.2848297213622291,0.1733746130030959,0.5,0.1908396946564885,0.3091603053435114,2,-29.25,2.0,-0.9780843197509625,-3.612499999999997,-2.8718749999999886,7.206002631886058,6.1875,-1.8720002269554037,-0.027282794862265036,0.036123775515878365,-2.1214336305448835,-0.039862635450797414,0.04452956856850557,0.022605321065863243,0.0339728210951159,-0.011091623808965612,0.00974234123613281,0.01673731040969495,0.0609388880282567,-0.09834535458372534,0.031049165379402832,0.05380853446973516,-0.04779958207834936
595879,"Báez, Javier",2018,1305,402,378,11,5,100,5,55,28,7,19,3,85.5680693069307,113.0,108.84,14.311881188118813,15.0,29.18949397024467,135,404,134,34,168,187,44,106,79,84,269,109,0.2883597883597883,208,0.5502645502645502,0.3233830845771144,0.8736476348416646,0.2619047619047618,19.894736842105264,21.157894736842103,0.0398009950248756,0.2487562189054726,0.1343283582089552,0.5174129353233831,0.3316831683168317,0.0841584158415841,0.3341584158415842,0.4628712871287129,0.4158415841584158,0.1089108910891089,0.3940520446096654,0.2936802973977695,0.312267657992565,1,-14.75,-2.5,0.19568101703120533,0.8375000000000057,2.2974999999999994,-4.122925963699652,-4.875,1.526334028633979,-0.03586362451776992,0.0022047096073467,3.022120788568156,-0.09197686157973836,0.02487305895076672,0.024288489810977892,0.06180654597170154,0.019898088821051096,0.006925279782664828,-0.020558295068508536,-0.053112216101526666,0.06474573291726049,-0.015341410655154042,-0.08609337676144785,0.05241134617464127
596115,"Story, Trevor",2021,1416,370,331,29,2,87,4,43,19,2,15,4,83.22174840085287,111.7,106.56,21.37100213219616,23.0,29.91288797038205,148,469,109,23,148,222,93,106,57,85,248,79,0.2386706948640483,147,0.4441087613293051,0.3081081081081081,0.7522168694374133,0.2054380664652568,22.066666666666663,24.666666666666668,0.0837837837837837,0.2351351351351351,0.0972972972972973,0.3972972972972973,0.232409381663113,0.0490405117270788,0.3155650319829424,0.4733475479744136,0.3155650319829424,0.1982942430703624,0.4274193548387097,0.2298387096774193,0.3427419354838709,2,-21.25,-8.25,-1.6081992095621445,-3.8125,-2.7337500000000006,2.6867325733625265,1.125,-2.6122431171411264,-0.13267362885715828,-0.05341043955714908,5.284314258412486,-0.024030135673280856,0.0009709618580586166,-0.007653524437798598,-0.06586563491805425,-0.06982607476938554,-0.0322485419671276,0.018166189666553312,0.014832959077769936,-0.04001584462237495,0.019853641038722475,-0.007749978349159026,-0.02593496948280946
596142,"Sánchez, Gary",2017,1068,298,265,28,0,67,5,48,12,0,18,0,84.41011673151752,115.7,111.94,16.91828793774319,16.0,30.787279488571134,81,257,82,17,105,105,44,94,57,40,191,78,0.2943396226415094,144,0.5433962264150943,0.3724832214765101,0.9158794478916044,0.2490566037735849,14.72222222222222,16.555555555555557,0.0939597315436241,0.2248322147651006,0.1006711409395973,0.4832214765100671,0.3190661478599221,0.0661478599221789,0.3151750972762646,0.4085603112840467,0.4085603112840467,0.1712062256809338,0.4921465968586387,0.2984293193717277,0.2094240837696335,2,-94.75,-7.875,-0.35911096088271677,0.3375000000000057,1.583750000000009,-2.360885720237878,-4.3125,1.7759605272271735,-0.010464006745391718,-0.03435465970214874,0.9930261763057846,-0.00876482639039576,-0.022442013559741902,-0.012633865308563225,-0.01795057659029764,0.003913209354640901,-0.023646367466707174,-0.0326194324392603,-0.08368440022018231,0.060581488175203924,0.019440970613372743,-0.001153881071408236,0.04343267761346653
605137,"Bell, Josh",2019,1663,446,394,37,7,96,2,49,32,3,29,6,86.81144164759725,116.2,109.22,14.1395881006865,18.0,27.80141262358169,148,437,148,39,173,226,34,140,75,88,303,113,0.2868020304568528,238,0.6040609137055838,0.3565022421524663,0.96056315585805,0.3172588832487309,13.586206896551724,15.379310344827584,0.0986547085201793,0.2152466367713004,0.1434977578475336,0.5336322869955157,0.3386727688787185,0.0892448512585812,0.3386727688787185,0.517162471395881,0.3958810068649885,0.0778032036613272,0.462046204620462,0.2475247524752475,0.2904290429042904,1,33.5,5.25,0.8506627533734701,1.4750000000000085,0.5956249999999983,-2.968200833683577,-0.4375,-1.1409376163570926,0.05413786039671331,0.05314960616283748,-2.922263419400954,-0.018030661315606433,0.02045730920241634,0.033272250838912124,0.06819545784084358,0.0220324889712758,0.01744141559618828,0.011425039599803954,0.044995281774205254,0.007752860659485994,-0.05186912977873295,0.022475332074641474,-0.020101552695951624
605141,"Betts, Mookie",2023,1568,418,351,55,2,67,4,44,23,1,29,6,86.98034934497817,110.1,106.13,22.59912854030501,23.0,29.50998053547249,169,458,154,36,134,242,82,147,72,71,290,97,0.2763532763532763,209,0.5954415954415955,0.3779904306220095,0.973432026063605,0.3190883190883191,12.10344827586207,14.413793103448276,0.1363636363636363,0.1602870813397129,0.1267942583732057,0.5,0.3362445414847161,0.0786026200873362,0.3689956331877729,0.5283842794759825,0.2925764192139738,0.1790393013100436,0.506896551724138,0.2482758620689655,0.2448275862068965,1,0.5,7.125,2.4067914640550327,-4.125,-1.7981249999999989,5.80779522681156,3.125,-2.4844541294675047,0.1235920259372999,0.08422541189142979,-5.955254660330089,0.03354575141181369,-0.05334072307015336,0.029040862172547588,0.06400556175267874,0.037189616938162584,0.00743766642761802,0.04766222416873955,0.06336092992266706,-0.08137412128699917,0.02229479258360703,0.08248109848256208,-0.02636171867392295
606192,"Hernández, Teoscar",2024,1698,442,399,33,1,125,7,64,22,1,20,1,82.94478178368122,112.7,106.6,18.64136622390892,23.0,33.47631868886991,151,527,135,37,195,228,97,105,76,94,275,107,0.2681704260651629,191,0.4786967418546365,0.3356009070294785,0.814297648884115,0.2105263157894736,19.95,22.1,0.0769230769230769,0.2828054298642534,0.0972850678733031,0.4321266968325792,0.2561669829222011,0.0702087286527514,0.286527514231499,0.4326375711574952,0.3700189753320683,0.1840607210626186,0.3818181818181818,0.2763636363636363,0.3418181818181818,4,-12.0,-2.25,-1.5713064074279686,-1.9624999999999915,-0.9325000000000045,-0.15333708885720299,2.0625,1.3833016366295396,-0.03264171053905163,-0.02264088824734989,0.11663533834586204,-0.0024372625697206968,0.07166726596910974,-0.010603868463093066,-0.026698774504290423,-0.04451273130482558,0.0011496399062706636,-0.029829589079402752,-0.03467076805831676,0.018026559643811446,0.011397609985613871,-0.04905949853639607,0.022440080172533572
608070,"Ramírez, José",2022,1642,411,365,34,7,45,3,45,32,4,21,2,83.86023890784983,112.1,105.875,22.78839590443686,23.0,32.336948280398154,165,586,168,19,198,251,135,167,80,75,322,102,0.2794520547945205,205,0.5616438356164384,0.3552311435523114,0.9168749791687498,0.2821917808219178,17.38095238095238,19.571428571428573,0.0997566909975669,0.1094890510948905,0.1386861313868613,0.4987834549878345,0.2866894197952218,0.0324232081911262,0.2815699658703072,0.4283276450511945,0.3378839590443686,0.2303754266211604,0.5186335403726708,0.2484472049689441,0.2329192546583851,1,37.5,1.25,-0.5640271945860889,-2.4250000000000114,-2.4931250000000063,5.393960187289885,3.5,-1.6201663235593529,0.08878228515912479,0.052890102795073224,-1.2366524621212136,-0.011295515675282128,-0.09134665716263059,0.04328199027409227,0.08110751853521497,-0.019530935542953043,-0.03488286929397224,-0.012713989032778483,-0.0015509093891158954,-0.04018114200935424,0.04794900979793096,0.03598726121553186,0.009006065839009869
608070,"Ramírez, José",2024,1706,453,420,23,7,61,1,59,23,1,28,2,85.13646322378716,116.6,106.6,21.136150234741784,22.0,31.4224715162662,202,639,205,28,216,289,128,215,72,74,361,111,0.2642857142857143,220,0.5238095238095238,0.3134657836644591,0.8372753074739829,0.2595238095238095,15.0,16.178571428571427,0.0662251655629139,0.1346578366445916,0.1147902869757174,0.4856512141280353,0.3208137715179969,0.0438184663536776,0.3161189358372457,0.4522691705790297,0.3380281690140845,0.2003129890453834,0.5955678670360111,0.1994459833795014,0.2049861495844875,2,-1.0,5.75,0.6203750326779698,1.9375,-0.9325000000000045,2.3414469219756597,1.0625,-0.6705455359741705,-0.009664051949183738,0.026356605486986012,-4.833364661654137,-0.013135173929883698,-0.07648032725055204,0.006901350639321235,0.026825742791165674,0.02013405729097023,-0.02524062239280314,-0.00023816747365607016,-0.01503916863678223,-0.013964246674172343,0.027649877968378672,0.1646901866814332,-0.054477572811601344
608324,"Bregman, Alex",2018,1894,501,425,68,0,63,6,65,35,2,21,2,85.74090909090908,108.5,102.985,19.99586776859504,22.0,29.474345504704925,182,484,156,27,160,244,76,152,93,82,327,123,0.2894117647058823,225,0.5294117647058824,0.3932135728542914,0.9226253375601738,0.24,20.23809523809524,23.857142857142858,0.1357285429141716,0.1257485029940119,0.1157684630738523,0.4491017964071856,0.3223140495867768,0.0557851239669421,0.3760330578512397,0.5041322314049587,0.3305785123966942,0.1570247933884297,0.4648318042813456,0.2844036697247706,0.2507645259938837,1,84.25,-0.5,0.36852080100959483,-3.6624999999999943,-3.5575000000000045,1.561060616776576,2.125,1.8111855630942344,0.013114078200739288,-0.019700052297415116,3.365479184558133,0.003950686309557638,-0.09813465696069396,0.005728594675874998,-0.006504592944495902,0.010528970090996181,-0.021448012091977164,0.02131634694114698,-0.011851271825280896,-0.020517338844461108,0.03277249164416676,-0.015313617089767695,0.043134718501642355
608324,"Bregman, Alex",2019,1768,435,348,76,0,55,5,51,16,1,26,6,84.68606356968215,107.4,103.08,22.86552567237164,24.0,30.41685887309594,146,409,109,12,124,202,80,129,88,81,298,94,0.2701149425287356,190,0.5459770114942529,0.4022988505747126,0.9482758620689656,0.2758620689655173,13.384615384615383,16.73076923076923,0.1747126436781609,0.1264367816091954,0.0988505747126436,0.4367816091954023,0.2665036674816626,0.0293398533007334,0.3569682151589242,0.4938875305623472,0.3031784841075794,0.19559902200489,0.4328859060402684,0.2953020134228188,0.2718120805369127,1,22.5,2.25,-1.2747153245416314,-7.324999999999989,-5.544375000000002,5.757736738001562,5.5625,1.474508633157157,0.04185056660762898,0.011752791879623858,-3.123854931337295,0.05802727384237516,-0.06835254595968868,-0.011374932295977885,-0.028655219959269784,-0.0501366124257801,-0.04246358236165952,0.02972048588000964,0.021720340940671434,-0.0849496620979231,0.06592668856482983,-0.006684966505552115,0.02767570825161969
608336,"Gallo, Joey",2021,1620,403,320,75,4,123,3,41,8,1,30,1,84.97272727272727,117.6,110.8,23.410557184750733,25.0,32.28761017125585,107,341,99,34,103,152,85,107,43,48,198,80,0.25,180,0.5625,0.401985111662531,0.964485111662531,0.3125,10.666666666666666,13.433333333333334,0.1960297766749379,0.3052109181141439,0.0967741935483871,0.4466501240694789,0.2903225806451613,0.0997067448680351,0.313782991202346,0.4457478005865102,0.3020527859237537,0.2492668621700879,0.5404040404040404,0.2171717171717171,0.2424242424242424,1,11.75,6.75,0.14277966231225037,2.0874999999999915,1.5062499999999943,4.726287625917099,3.125,-0.23752091626732863,0.07959461336795948,0.05365149397759411,-6.1156857415875105,0.08821585721787334,0.07104674483706744,-0.008176628186708806,-0.016512808145872637,-0.01191287578733724,0.0184176911738287,0.016384148885956906,-0.012766788310133448,-0.05352809068156367,0.07082626013844798,0.10523470721617173,-0.03860196198851165
608369,"Seager, Corey",2016,1455,409,373,29,4,82,1,68,24,3,17,2,85.5574370709382,110.3,106.42,14.496567505720824,15.0,24.81894275313961,162,437,142,28,177,225,31,122,66,99,287,112,0.3002680965147453,193,0.517426273458445,0.3569682151589242,0.8743944886173692,0.2171581769436997,21.94117647058824,24.058823529411764,0.0806845965770171,0.2004889975550122,0.1075794621026894,0.4718826405867971,0.3249427917620137,0.0640732265446224,0.3707093821510298,0.5148741418764302,0.4050343249427917,0.0709382151029748,0.4250871080139373,0.229965156794425,0.3449477351916376,1,-11.25,-8.0,0.017123649020064136,-4.012500000000003,-2.431874999999991,-3.1581109769442026,-3.8125,-4.101135823151168,-0.004071170695023607,-0.04291369971433495,6.190113210413726,-9.87549863122189e-05,-0.028638722879039707,-0.0053650889542094515,-0.01844121350990291,0.007349619965431986,-0.012871738720792697,0.04379344178673095,0.04949724043100273,0.02185924899683722,-0.07138723252071827,-0.021104357516327554,-0.008674119940412867
608369,"Seager, Corey",2022,1456,422,377,31,6,69,3,56,11,1,25,5,84.82676864244742,112.2,106.19,18.02099236641221,22.0,31.004310102023357,178,523,150,33,180,264,73,162,54,97,313,93,0.246684350132626,181,0.4801061007957559,0.3151658767772511,0.795271977573007,0.2334217506631299,15.08,16.88,0.0876777251184834,0.1635071090047393,0.0876777251184834,0.428909952606635,0.2868068833652007,0.0630975143403441,0.3403441682600382,0.5047801147227533,0.3441682600382409,0.1395793499043977,0.5175718849840255,0.1725239616613418,0.3099041533546325,1,48.5,5.25,0.402502540011497,-2.325000000000003,-2.1781250000000085,0.6265566492652326,2.5,-2.95280450193415,-0.03282071643661799,0.004120072636285305,-3.537604843073593,-0.023374481554365625,-0.037328599252781786,-0.00772641599428564,0.01123401615401548,-0.019413471972974106,-0.004208563144754346,0.04606021335695254,0.07490156028244288,-0.033896841015481904,-0.04284706691883175,0.03492560582688653,-0.06691717746859244
621439,"Buxton, Byron",2025,1441,383,339,32,2,103,5,55,16,4,24,5,84.93384615384616,112.5,108.15999999999998,17.708971553610503,19.0,33.09775172628369,135,455,152,39,172,200,82,132,53,56,241,99,0.2920353982300885,195,0.5752212389380531,0.360313315926893,0.935534554864946,0.2831858407079646,14.125,15.958333333333334,0.0887728459530026,0.2689295039164491,0.1148825065274151,0.5091383812010444,0.334065934065934,0.0857142857142857,0.2967032967032967,0.4395604395604395,0.378021978021978,0.1802197802197802,0.5477178423236515,0.2199170124481327,0.2323651452282157,2,-48.125,-1.5,-0.48468174865456604,-2.7249999999999943,-1.2412500000000222,0.6580040423933475,-0.375,0.2728534584999096,0.07926296775541031,0.025015748580973107,-1.3196236460646613,-0.023369366218912682,0.010943739258795104,0.010947331606622729,0.06242688802255125,0.007562850547073452,-0.003553908563771191,-0.0027119926683249473,-0.004167820494599239,-0.005298782802858781,0.01230454488313229,0.05245336018563257,-0.01865442674584522
621566,"Olson, Matt",2021,1602,416,361,41,3,74,5,50,25,0,29,6,85.06845238095238,115.3,109.4,20.061507936507937,25.0,34.541964372221024,131,504,151,38,184,218,97,136,75,82,293,104,0.2880886426592798,216,0.5983379501385041,0.3677884615384615,0.9661264116769656,0.3102493074792243,12.448275862068966,14.344827586206897,0.1057692307692307,0.1778846153846154,0.1298076923076923,0.5192307692307693,0.2996031746031746,0.0753968253968253,0.2599206349206349,0.4325396825396825,0.365079365079365,0.1924603174603174,0.4641638225255973,0.2559726962457337,0.2798634812286689,1,24.75,5.75,0.23850477053736086,-0.21250000000000568,0.10625000000000284,1.3772383776743027,3.125,2.016833284697846,0.081235913382394,0.05140080145681841,-4.33407654618521,-0.002044688687833862,-0.056279557892461085,0.02485687057259639,0.05606783701541773,-0.002632281829323957,-0.005892228297381105,-0.03747820739575419,-0.025974906356961147,0.009498488474047662,0.01401971542867747,0.02899448933772858,0.00019901708550496
621566,"Olson, Matt",2025,2056,474,408,59,2,111,2,60,23,0,20,3,85.93910806174956,113.8,108.2,21.22298456260721,23.0,30.733054504670477,193,583,186,45,189,275,113,144,52,104,300,103,0.2524509803921568,186,0.4558823529411764,0.350210970464135,0.8060933234053115,0.2034313725490196,20.4,23.7,0.1286919831223628,0.2341772151898734,0.090717299578059,0.3924050632911392,0.3190394511149228,0.0771869639794168,0.3310463121783876,0.4716981132075472,0.3241852487135506,0.1938250428816466,0.48,0.1733333333333333,0.3466666666666667,1,42.875,-5.5,0.520580159248837,-1.4249999999999972,-1.2012500000000017,4.172017051390053,3.625,-2.091843763113303,-0.05017826370422418,-0.054738719577971884,4.955376353935337,0.016549770950447518,-0.023808549467780604,-0.013217875342733373,-0.0543064298873539,-0.007463632403937714,-0.012081230298640097,0.03163102280676594,0.02796985315250844,-0.059135512111286204,0.025909807544998692,-0.015264482138018953,-0.0652381058606446
624413,"Alonso, Pete",2019,1647,451,396,41,0,104,12,53,26,3,34,2,85.52857142857142,118.3,111.7,17.41269841269841,18.0,29.268972130385464,129,378,117,42,146,178,50,126,70,94,290,116,0.2929292929292929,250,0.6313131313131313,0.3747228381374722,1.0060359694506036,0.3383838383838383,11.647058823529411,13.264705882352942,0.0909090909090909,0.2305986696230598,0.1396895787139689,0.5543237250554324,0.3095238095238095,0.1111111111111111,0.3412698412698413,0.4708994708994709,0.3862433862433862,0.1322751322751322,0.4344827586206896,0.2413793103448276,0.3241379310344827,4,38.5,10.25,-0.432207465652354,3.575000000000003,3.0756250000000023,0.3049094783283337,-0.4375,0.3266218904466811,0.09961067398926693,0.07427456129794485,-4.861411492423267,-0.02577627892669483,0.03580934205417574,0.029464071705347414,0.08888689590076027,-0.007116470383633222,0.03930767544871819,0.014022111990926733,-0.0012677187222048802,-0.0018847599621162892,0.0026027988350720566,-0.0050881139251309215,-0.026246994826371522
624413,"Alonso, Pete",2021,1342,370,327,32,2,78,6,47,18,0,21,3,85.34774193548387,117.1,111.16,20.26021505376344,24.0,32.680780824491926,141,465,145,42,156,214,89,105,60,85,250,86,0.2629969418960244,167,0.5107033639143731,0.3405405405405405,0.8512439044549136,0.2477064220183486,15.571428571428571,17.61904761904762,0.0918918918918919,0.2108108108108108,0.1054054054054054,0.4513513513513513,0.3118279569892473,0.0903225806451612,0.3032258064516129,0.4602150537634408,0.3354838709677419,0.1913978494623656,0.42,0.24,0.34,4,-21.25,-2.25,0.5177943250688486,1.5874999999999915,1.8662499999999937,1.5759454949298046,2.125,0.15564973696874773,-0.03364659383965796,-0.011142084004057279,-1.2109238368256054,-0.015922027565172664,-0.02335336246626568,0.00045458367030949687,-0.011811580864000248,0.009592500556748762,0.009033526950954801,0.005826964135223822,0.0017004648667971467,-0.020097005637575438,0.012957247430725682,-0.015169333187868728,-0.01577367916022876
624413,"Alonso, Pete",2022,1622,431,374,33,7,89,9,54,19,0,25,8,83.16600000000001,116.5,110.855,20.701818181818183,21.0,30.751992788118148,182,550,167,39,184,265,94,144,64,85,293,98,0.2620320855614973,192,0.5133689839572193,0.3410672853828306,0.85443626934005,0.251336898395722,14.96,17.24,0.0928074245939675,0.2064965197215777,0.1020881670533642,0.445475638051044,0.3036363636363636,0.0709090909090909,0.3309090909090909,0.4818181818181818,0.3345454545454545,0.1709090909090909,0.4914675767918088,0.2184300341296928,0.2901023890784983,2,57.5,5.25,-1.2582661024359112,1.9749999999999943,2.4868749999999977,3.307382464671207,1.5,-3.205121815839359,0.026343575330424973,0.022035220368877395,-3.6576048430735923,-0.018244782078881527,0.005660811464056614,0.0066840259405951535,0.027799701598424487,-0.002583991701811228,0.0036030134239924544,0.0366251360060052,0.05193962737787139,-0.04351964650826834,-0.011517325914138538,0.008821297634669822,-0.02101110500024142
624413,"Alonso, Pete",2023,1478,388,338,38,0,81,12,36,7,1,30,0,82.81528089887641,116.4,109.1,19.456179775280894,23.0,29.92356612600408,148,445,128,37,151,228,63,110,69,76,255,74,0.2189349112426035,173,0.5118343195266272,0.3195876288659793,0.8314219483926065,0.2928994082840236,11.266666666666667,12.933333333333334,0.0979381443298969,0.2087628865979381,0.0979381443298969,0.4458762886597938,0.2876404494382023,0.0831460674157303,0.3325842696629214,0.5123595505617977,0.3393258426966292,0.1415730337078651,0.4313725490196078,0.2705882352941176,0.2980392156862745,1,-29.5,8.125,-1.7582769820467234,2.1750000000000114,1.171875,2.6648464617874446,3.125,-2.0708685389359154,-0.018418051733698593,0.05803650108713432,-6.792036269525491,-0.004879740621925699,-0.00486491781192816,0.0001847481292387848,0.009881850412472526,-0.011414475108351252,0.011981113756012116,0.011250860643888028,0.04733620100848224,-0.034624697804343796,-0.015171475018571495,0.006957095778031941,-0.004049345448770891
624413,"Alonso, Pete",2024,1824,471,419,41,3,96,6,57,27,0,21,2,82.55043029259897,116.5,108.8,20.259896729776248,22.0,30.60825208749082,181,581,160,38,199,282,96,130,84,111,325,105,0.2505966587112171,195,0.4653937947494033,0.3290870488322717,0.794480843581675,0.2147971360381861,19.952380952380956,22.428571428571427,0.0934182590233545,0.2038216560509554,0.1019108280254777,0.4140127388535032,0.2753872633390705,0.0654044750430292,0.3115318416523235,0.4853700516351119,0.342512908777969,0.1652323580034423,0.4,0.2584615384615384,0.3415384615384615,1,17.0,-1.25,-1.9656578985102158,1.8375000000000057,1.2674999999999983,1.4651934170101235,1.0625,-1.4847649647495516,-0.05245851584149164,-0.018370067998637385,0.11901629072681885,0.014057919530556906,-0.007316507844188247,-0.005978108310918467,-0.044812732483366424,-0.025292450887956175,-0.003654613703451548,-0.004825261658578273,0.018061712419299936,-0.009479506910287816,-0.007430753073562418,-0.03087768035457783,0.00453798227043567
641355,"Bellinger, Cody",2017,1412,360,315,36,5,105,0,34,17,1,27,4,85.71518518518518,113.0,108.21,22.91111111111111,24.0,28.98287320610723,94,270,98,26,80,141,48,109,50,49,208,79,0.2507936507936508,179,0.5682539682539682,0.3333333333333333,0.9015873015873016,0.3174603174603174,11.666666666666666,13.333333333333334,0.1138888888888888,0.2916666666666667,0.125,0.4972222222222222,0.362962962962963,0.0962962962962963,0.3481481481481481,0.5222222222222223,0.2962962962962963,0.1777777777777777,0.5240384615384616,0.2403846153846154,0.235576923076923,2,-32.75,1.125,0.9459574927849417,-2.362499999999997,-2.146249999999995,3.6319374531300426,3.6875,-0.02844575523673143,-0.024756153049694474,0.034049053984583744,-2.062529379249769,0.011164330954868948,0.044392438341824186,0.01169499375183948,-0.003949830878142546,0.04781002445768179,0.006502068907410216,0.000353618432623215,0.02997751071799326,-0.05168252681254648,0.026012522710216646,0.03073798360841462,-0.014612026373645753
641820,"Mancini, Trey",2021,1581,416,375,33,1,102,5,64,18,0,18,2,82.89574468085107,113.9,108.3,15.746808510638298,20.0,32.267963550075635,152,470,125,32,178,230,61,100,75,100,275,100,0.2666666666666666,172,0.4586666666666666,0.3341346153846153,0.792801282051282,0.192,20.83333333333333,23.11111111111111,0.0817307692307692,0.2451923076923076,0.0865384615384615,0.4134615384615384,0.2659574468085106,0.0680851063829787,0.3234042553191489,0.4893617021276595,0.3787234042553191,0.1297872340425531,0.3636363636363636,0.2727272727272727,0.3636363636363636,3,24.75,-5.25,-1.934202929563952,-1.6124999999999972,-0.9937500000000057,-2.9374610481953365,-1.875,-0.2571675374475433,-0.09208921624328958,-0.06684850602240588,4.050980925079152,-0.026083150226295357,0.011028134415231122,-0.018412360196634406,-0.04970139375381316,-0.03627800962398797,-0.013203947311227704,0.026005413002759825,0.030847113231015855,0.023142527650001743,-0.048653367989086815,-0.07153296955150512,0.016953593567043956
656305,"Chapman, Matt",2019,1760,425,368,49,0,87,6,47,25,4,22,2,86.39197247706423,114.4,108.325,21.21788990825688,21.0,29.91060629393212,121,436,143,32,157,193,78,109,78,96,283,98,0.266304347826087,197,0.5353260869565217,0.36,0.8953260869565217,0.2690217391304347,16.727272727272727,19.318181818181817,0.1152941176470588,0.2047058823529411,0.12,0.4635294117647058,0.3279816513761467,0.073394495412844,0.2775229357798165,0.4426605504587156,0.360091743119266,0.1788990825688073,0.3851590106007067,0.2756183745583039,0.3392226148409894,1,12.5,-1.75,0.43119358284045006,-0.32499999999998863,-0.2993749999999977,4.1101009738868015,2.5625,0.9682560539933363,-0.01109920850481494,0.004912462044541266,0.2188024113200484,-0.0013912521887269325,0.009916554784057036,0.009774492991378517,-0.0019074173899663038,0.011341371468704009,0.001591059750451082,-0.04972479349909803,-0.029506639162960147,-0.028036403086236505,0.04922674912874714,-0.054411861945113826,0.007992069387104783
656555,"Hoskins, Rhys",2018,1795,432,361,60,1,108,5,48,26,0,19,4,84.82167487684728,112.0,106.025,21.036945812807883,22.0,27.637532442998552,146,406,123,24,126,220,57,127,55,63,245,93,0.2576177285318559,176,0.4875346260387811,0.3689095127610209,0.8564441387998021,0.2299168975069252,19.0,22.73684210526316,0.1412037037037037,0.25,0.1041666666666666,0.4074074074074074,0.3029556650246305,0.0591133004926108,0.3596059113300492,0.541871921182266,0.3103448275862069,0.1403940886699507,0.5183673469387755,0.2244897959183673,0.2571428571428571,2,15.25,-2.5,-0.5507134130522076,-0.16249999999999432,-0.5174999999999983,2.602138660989418,2.125,-0.02562749861213831,-0.053067120559632475,-0.029783154790489902,2.127383946462892,0.009425847099089724,0.026116840045294132,-0.005873201731310701,-0.04819898194427413,-0.008829414471150099,-0.018119835566308466,0.0048892004199564965,0.025888417952026455,-0.040751023654948426,0.016141786925687768,0.03822192556766224,-0.016779155304760957
656941,"Schwarber, Kyle",2018,1501,383,318,50,11,104,1,47,13,2,22,2,84.6948051948052,117.1,109.33,16.704545454545453,18.0,29.86430296607293,98,308,95,26,121,142,41,108,51,51,210,84,0.2641509433962264,167,0.5251572327044025,0.3821989528795811,0.9073561855839836,0.2610062893081761,14.454545454545457,17.40909090909091,0.1592689295039164,0.2715404699738903,0.0966057441253263,0.4360313315926893,0.3084415584415584,0.0844155844155844,0.3181818181818182,0.461038961038961,0.3928571428571428,0.1331168831168831,0.5142857142857142,0.2428571428571428,0.2428571428571428,3,-33.75,0.5,-0.6775830950942918,4.9375,2.7874999999999943,-1.7302616972730114,-1.875,2.2011430244622403,-0.0021550737754509885,0.001306237010760991,-2.418070598991651,0.027491072899302443,0.04765731001918444,-0.013434124272651005,-0.01957505775899221,-0.0033435210542221983,0.007182448356665136,-0.03653489272827454,-0.054944542191278534,0.04176129161598746,0.008864581372620167,0.03414029291460097,0.0015881916340145519
656941,"Schwarber, Kyle",2022,1859,428,365,56,3,131,3,32,12,0,32,1,86.35506329113925,119.2,110.0,20.082278481012654,23.0,34.15565016108627,140,474,159,49,166,205,98,138,45,51,234,76,0.2082191780821917,184,0.5041095890410959,0.322429906542056,0.826539495583152,0.2958904109589041,11.40625,13.375,0.1378504672897196,0.3060747663551402,0.102803738317757,0.4299065420560747,0.3354430379746835,0.1033755274261603,0.2953586497890295,0.4324894514767932,0.350210970464135,0.2067510548523206,0.5897435897435898,0.1923076923076923,0.2179487179487179,1,54.5,12.25,1.9307971887033233,4.674999999999997,1.6318749999999937,2.687842763865678,3.5,0.19853555712876414,-0.001553198426473057,0.06658873293205952,-7.211354843073593,0.026798260616870587,0.1052390580976191,0.007399597204987965,0.01223060560345518,0.02922268263650868,0.03606944994106186,0.0010746948859438055,0.002610897036482762,-0.0278541305895878,0.024324638029091156,0.10709731058645078,-0.04713344682224194
660271,"Ohtani, Shohei",2021,1463,378,332,36,5,102,3,40,19,4,38,2,84.87401960784314,119.0,111.23,21.334975369458128,25.0,30.317026278068084,128,408,134,53,126,210,67,106,55,71,232,101,0.3042168674698795,242,0.7289156626506024,0.3835978835978836,1.112513546248486,0.4246987951807228,8.736842105263158,9.947368421052632,0.1084656084656084,0.2698412698412698,0.1613756613756613,0.6402116402116402,0.3284313725490196,0.1299019607843137,0.3137254901960784,0.5147058823529411,0.3088235294117647,0.1642156862745098,0.4568965517241379,0.2370689655172413,0.3060344827586206,1,-13.25,14.75,0.0440719974281194,3.487499999999997,1.9362500000000011,2.650705810624494,3.125,-2.2081048094550937,0.22762304795391453,0.1658502891583169,-8.045510302991019,0.0006516890085438432,0.03567709656419335,0.05642483964056541,0.1770487079962887,0.026195916116521056,0.04861290709010731,0.01632664787968935,0.056191293456297475,-0.04675734719355262,-0.014224915757130113,0.02172721853626919,-0.018704713642987453
660670,"Acuña Jr., Ronald",2019,1920,471,411,48,2,115,7,80,14,2,25,0,84.62150537634409,115.3,110.0,17.2494623655914,19.0,24.703808444245627,189,465,144,39,166,261,32,124,69,100,293,121,0.2944038929440389,214,0.5206812652068127,0.3803418803418803,0.901023145548693,0.2262773722627737,16.44,18.84,0.1061571125265392,0.2441613588110403,0.0870488322717622,0.4543524416135881,0.3096774193548387,0.0838709677419354,0.4064516129032258,0.5612903225806452,0.3569892473118279,0.0688172043010752,0.4232081911262799,0.2354948805460751,0.3412969283276451,2,58.5,1.25,-1.3392735178796897,0.5750000000000028,1.3756249999999994,0.1416734312213208,0.5625,-4.2385417956931555,-0.00540214991264365,-0.03783190482311974,-0.06847031595267694,-0.01052825730924653,0.04937203124215625,-0.023176674736859276,-0.011084387541083984,-0.006962860552603978,0.01206753207954249,0.07920388362431124,0.0891231329589694,-0.031138898893674605,-0.060855129138984956,-0.016362681419540615,-0.03213142462512403
660670,"Acuña Jr., Ronald",2022,1077,270,230,27,1,67,9,43,10,0,8,3,84.61944444444444,116.6,108.77,16.301538461538463,17.0,34.159594987713135,103,324,99,24,126,137,56,78,36,52,166,61,0.2652173913043478,95,0.4130434782608695,0.362962962962963,0.7760064412238326,0.1478260869565217,28.75,33.75,0.1037037037037037,0.2481481481481481,0.0666666666666666,0.3518518518518518,0.3055555555555556,0.074074074074074,0.3179012345679012,0.4228395061728395,0.3888888888888889,0.1728395061728395,0.4698795180722891,0.216867469879518,0.3132530120481928,1,-103.5,-11.75,0.1951783420085178,2.0749999999999886,0.40187499999998977,-1.0928972556085128,-2.5,0.2024803837556277,-0.052086252785792486,-0.0814755910703229,10.132395156926407,-0.007348502969145326,0.047312439890627,-0.028737474446102446,-0.06582408460076772,-0.0006647997826192409,0.006767996588975561,0.023617279664815527,-0.0070390482674709265,0.010823787835166077,-0.00958691065038994,-0.012766761084849865,-0.022573669250416234
663728,"Raleigh, Cal",2025,1973,479,406,53,12,123,5,40,18,0,43,3,85.5098705501618,114.7,108.615,25.55663430420712,27.0,32.04773884870813,194,618,201,53,169,302,145,177,52,57,286,101,0.2487684729064039,248,0.6108374384236454,0.3569937369519833,0.9678311753756286,0.3620689655172414,9.44186046511628,11.13953488372093,0.1356993736951983,0.2567849686847599,0.127348643006263,0.5177453027139874,0.3252427184466019,0.0857605177993527,0.313915857605178,0.4886731391585761,0.273462783171521,0.2346278317152103,0.6188811188811189,0.1818181818181818,0.1993006993006993,4,47.875,17.5,0.09134264766107947,-0.5249999999999915,-0.7862500000000097,8.505666792989963,7.625,-0.7771594190756517,0.11155958826609291,0.10389887339024989,-6.0027631809483815,0.02355716152328302,-0.0012007959728940754,0.023413468085470623,0.07103380953549432,-0.001260365072258629,-0.0035076764787041886,0.014500568233556332,0.04494487910353734,-0.10985797765331579,0.06671259637856239,0.12361663674309992,-0.05675325737579612
664761,"Bohm, Alec",2024,1529,446,404,28,2,65,6,69,36,1,12,6,84.17271126760564,110.8,105.5,18.28998242530756,20.0,31.55325123590323,183,568,168,28,201,267,95,125,93,127,345,118,0.292079207920792,192,0.4752475247524752,0.3452914798206278,0.820539004573103,0.1831683168316831,33.666666666666664,37.16666666666666,0.0672645739910313,0.1457399103139013,0.1098654708520179,0.4304932735426009,0.2957746478873239,0.0492957746478873,0.3221830985915493,0.4700704225352112,0.3538732394366197,0.1672535211267605,0.3623188405797101,0.2695652173913043,0.3681159420289855,2,-8.0,-10.25,-0.34337692350355553,-3.862499999999997,-2.032499999999999,-0.5047208874585642,-0.9375,-0.539765816337141,-0.026400354850063645,-0.04999888720514037,13.833302005012527,-0.01209576550176629,-0.06539825358124235,0.001976534515621728,-0.02833219779426871,-0.004905066339702779,-0.019763314098593443,0.0058259952806475335,0.0027620833193992556,0.0018808237483628476,-0.005409589950244209,-0.06855883977486776,0.01564166120020155
665489,"Guerrero Jr., Vladimir",2019,1033,273,244,27,0,50,1,37,15,0,8,1,85.01461538461538,119.7,111.605,9.234615384615385,11.0,29.04600853509156,85,260,81,15,125,114,21,62,70,63,195,60,0.2459016393442623,99,0.4057377049180328,0.3223443223443223,0.7280820272623552,0.1598360655737705,30.5,34.125,0.0989010989010989,0.1831501831501831,0.0842490842490842,0.3626373626373626,0.3115384615384615,0.0576923076923076,0.3269230769230769,0.4384615384615384,0.4807692307692308,0.0807692307692307,0.3179487179487179,0.358974358974359,0.3230769230769231,3,-139.5,-15.75,-0.9461635096083967,4.9750000000000085,2.9806250000000034,-7.873173549754693,-7.4375,0.10365829515277625,-0.1783432681989815,-0.10427321151212293,13.991529684047322,-0.017784270934686833,-0.011639144418700953,-0.02597642275953728,-0.10279946651730948,-0.005101818368981215,-0.014111127970085319,-0.000324652355837618,-0.03370565116013735,0.09264108456372827,-0.04890310267082945,-0.12162215459710263,0.09134805380315986
665489,"Guerrero Jr., Vladimir",2023,1520,422,373,37,1,66,7,65,21,0,16,4,85.91349353049907,116.7,111.0,12.313075506445673,15.0,33.93652576126807,156,541,193,44,239,218,84,129,88,94,311,102,0.2734584450402145,171,0.4584450402144772,0.3483412322274881,0.8067862724419653,0.1849865951742627,23.3125,26.375,0.0900473933649289,0.1563981042654028,0.0876777251184834,0.4052132701421801,0.3567467652495379,0.0813308687615526,0.288354898336414,0.4029574861367837,0.4417744916820702,0.155268022181146,0.4147909967845659,0.2829581993569132,0.3022508038585209,4,4.5,-5.875,1.339935649575935,2.4750000000000085,3.0718750000000057,-4.478257807047777,-4.875,1.9420910963280775,-0.04305372768433979,-0.0498763120226266,5.253797063807841,-0.012770491586893709,-0.05722970014446346,-0.01007567108217472,-0.030781168105141143,0.05769184070298439,0.010165915101834413,-0.032978510682619366,-0.06206586341653175,0.06782395118109724,-0.0014764865452905895,-0.009624456457009989,0.008320618614024722
665742,"Soto, Juan",2021,1484,370,305,56,7,57,0,62,9,1,11,2,86.62084432717678,115.3,109.31,11.41952506596306,13.0,35.32293555883229,100,379,131,24,172,148,58,88,89,73,250,83,0.2721311475409836,127,0.4163934426229508,0.3945945945945946,0.8109880372175454,0.1442622950819672,27.727272727272727,33.63636363636363,0.1702702702702702,0.154054054054054,0.0567567567567567,0.3432432432432432,0.3456464379947229,0.0633245382585752,0.2638522427440633,0.3905013192612137,0.4538258575197889,0.1530343007915567,0.352,0.356,0.292,2,-21.25,-12.25,1.7908967167617647,-0.21250000000000568,0.01624999999999943,-7.264744492870575,-8.875,2.7978044713091137,-0.07390246107702614,-0.11458621094043869,10.94492031901855,0.062456350813205636,-0.08011011922302247,-0.0481940649783392,-0.11991968897210836,0.04341098156222434,-0.017964515435631198,-0.03354659957232575,-0.06801326963542997,0.09824498091447154,-0.025406301240083223,-0.08316933318786873,0.10022632083977123
665742,"Soto, Juan",2022,1746,427,338,83,4,58,2,45,19,0,22,0,84.97483296213808,113.2,108.04,13.42761692650334,20.0,37.61126047042767,110,449,142,35,183,188,73,107,89,84,280,86,0.2544378698224852,171,0.5059171597633136,0.4098360655737705,0.915753225337084,0.2514792899408284,15.363636363636363,19.40909090909091,0.2037470725995316,0.1358313817330211,0.0960187353629976,0.4004683840749414,0.3162583518930957,0.0779510022271715,0.2449888641425389,0.4187082405345211,0.4075723830734966,0.1625835189309576,0.3821428571428571,0.3178571428571428,0.3,4,53.5,2.25,0.5505668597021582,-1.3250000000000028,-0.328125,-3.966818790643636,0.5,3.6541458664701665,0.08766053132745899,0.02217761191398382,-3.25396847943723,0.09269486592668257,-0.0650043265245,0.0006145942502285562,-0.017207552377678126,0.01003799655492088,0.010644924742073056,-0.04929509076054678,-0.01117031390578932,0.029507282019773762,-0.019842897892271838,-0.10050342201428186,0.07841600372720856
665833,"Cruz, Oneil",2025,1717,407,343,52,4,133,4,40,12,1,19,4,86.44559585492227,122.9,114.65,12.27390180878553,14.0,33.81414328401334,111,386,138,47,172,158,56,109,50,54,213,72,0.2099125364431487,143,0.4169096209912536,0.3243243243243243,0.7412339453155781,0.2069970845481049,18.05263157894737,21.42105263157895,0.1375921375921376,0.3267813267813267,0.0786240786240786,0.3513513513513513,0.3575129533678756,0.121761658031088,0.2875647668393782,0.4093264248704663,0.4455958549222797,0.1450777202072538,0.5117370892018779,0.2347417840375587,0.2535211267605634,2,-24.125,-6.5,1.0270679524215467,7.675000000000011,5.248750000000001,-4.777065702431626,-5.375,0.9892450162295603,-0.11503764179395759,-0.0511730075788866,2.6080079328827086,0.025449925420222314,0.06879556212367272,-0.025311096296713784,-0.09536014182714181,0.031009869849015048,0.03249346375303111,-0.011850522532243446,-0.03440183518457246,0.06227509409744292,-0.02283751512939411,0.016472607063858946,-0.003829655156419226
665862,"Chisholm Jr., Jazz",2025,1353,327,280,38,0,90,5,36,12,0,20,2,83.4260053619303,111.1,106.42,18.008042895442358,24.0,35.095682418001964,101,373,106,34,138,167,67,103,53,38,194,68,0.2428571428571428,140,0.5,0.3415384615384615,0.8415384615384616,0.2571428571428571,14.0,16.35,0.1162079510703364,0.2752293577981651,0.0978593272171253,0.4281345565749235,0.2841823056300268,0.0911528150134048,0.2707774798927614,0.4477211796246649,0.3699731903485255,0.1796246648793565,0.5309278350515464,0.2731958762886597,0.1958762886597938,1,-104.125,-5.5,-1.9925225405704339,-4.125,-2.981250000000003,0.9570753842252024,4.625,2.2707841502181836,-0.01473312557107409,-0.001027234984134373,-1.4446236460646613,0.004065738898421115,0.017243593140511104,-0.006075847703667078,-0.018576936603569627,-0.04232077788883376,0.001884620735347911,-0.028637809478860243,0.003992919569626163,-0.013347570476311299,0.011709429542708594,0.03566335291352746,0.0346244370946818
666969,"García, Adolis",2023,1685,451,396,45,0,112,4,53,23,1,25,6,84.83313953488373,115.1,107.0,20.656976744186046,25.0,31.95209657444048,164,516,145,42,160,263,91,110,85,95,290,102,0.2575757575757575,202,0.51010101010101,0.3348115299334812,0.8449125400344912,0.2525252525252525,15.84,18.04,0.0997782705099778,0.2483370288248337,0.1086474501108647,0.4478935698447893,0.2810077519379845,0.0813953488372093,0.3178294573643411,0.5096899224806202,0.3100775193798449,0.1763565891472868,0.3793103448275862,0.293103448275862,0.3275862068965517,1,33.5,3.125,0.25958165396059485,0.875,-0.9281249999999943,3.8656434306925966,5.125,-0.04233809049951631,-0.0049274600918138844,0.017662345328363194,-2.218702936192159,-0.0030396144418448068,0.03470922441496743,0.010894053910206578,0.011899131597468027,-0.01804717260856903,0.010230395177491108,-0.00350395165469225,0.04466657292730469,-0.06387302112112808,0.01961208042085022,-0.04510510841398968,0.018465867532973523
666969,"García, Adolis",2024,1526,419,381,27,1,119,5,40,18,0,19,5,84.35862785862786,116.1,106.8,17.834368530020704,21.0,34.96888805361457,160,481,134,34,170,214,95,103,70,94,267,77,0.2020997375328084,152,0.3989501312335958,0.2625298329355608,0.6614799641691567,0.1968503937007873,20.05263157894737,22.05263157894737,0.0668257756563245,0.2840095465393795,0.0883054892601432,0.3627684964200477,0.2785862785862786,0.0706860706860706,0.3326403326403326,0.4449064449064449,0.3534303534303534,0.1975051975051975,0.3857677902621723,0.2621722846441947,0.352059925093633,1,-35.0,-3.25,-0.15746033248133529,1.4375,-0.7325000000000017,-0.9603347827454201,0.0625,2.8758710013742004,-0.18545939525401,-0.036316810336036176,0.21926691729323267,-0.012534563836473098,0.07287138264423584,-0.019583447076252966,-0.09605697491682191,-0.02209343564074806,0.0016269819395898638,0.016283229329430826,-0.022401894309367065,0.0014379377420965511,0.024842086428192772,-0.04510989009240557,0.008248728453091936
667670,"Rooker, Brent",2025,1737,472,419,43,2,104,3,66,25,2,23,4,85.12195608782434,112.4,107.3,16.489021956087825,18.0,30.62956707564632,165,501,160,44,196,229,73,146,83,90,319,116,0.2768496420047732,214,0.5107398568019093,0.3481953290870488,0.858935185888958,0.233890214797136,18.217391304347824,20.52173913043478,0.0953389830508474,0.2203389830508474,0.1059322033898305,0.4533898305084746,0.3193612774451098,0.0878243512974051,0.3293413173652694,0.4570858283433133,0.3912175648702595,0.1457085828343313,0.457680250783699,0.2601880877742947,0.2821316614420062,1,40.875,-2.5,-0.2965718146763834,-2.8249999999999886,-2.1012500000000074,-0.5619455551293306,-1.375,-2.195331192137459,0.0026635987794223492,-0.02427987732985548,2.772767658283163,-0.01680322912106788,-0.037646781606806595,0.0019970284690381257,0.006678337329981465,-0.007141806073750756,-0.0014438429806517966,0.02992602799364774,0.013357568288274557,0.0078968040454227,-0.0222066525023166,-0.03758423135431993,0.021616648580316783
668227,"Arozarena, Randy",2023,1615,396,332,49,0,100,11,65,9,1,18,4,86.16168224299065,115.3,108.2,14.097674418604653,18.0,34.9068656852537,133,428,145,34,174,182,72,104,62,70,236,93,0.2801204819277108,158,0.4759036144578313,0.3863636363636363,0.8622672508214677,0.1957831325301204,18.444444444444443,22.0,0.1237373737373737,0.2525252525252525,0.0707070707070707,0.398989898989899,0.338785046728972,0.0794392523364486,0.3107476635514019,0.4252336448598131,0.4065420560747663,0.1682242990654205,0.4406779661016949,0.2627118644067797,0.2966101694915254,3,-21.5,-3.875,1.5881243620675178,1.0750000000000028,0.2718750000000085,-2.693658894888797,-1.875,2.9124310203137043,0.012427250695162595,-0.0390797746667689,0.38574150825228415,0.020919488785551096,0.03889744811538623,-0.027046325493587417,-0.03700453925742225,0.03973012218241845,0.008274298676730407,-0.010585745467631469,-0.0397897046935024,0.032591515573793306,0.011479790338983914,0.01626251286011904,-0.011925716336108783
668939,"Rutschman, Adley",2023,1749,433,368,58,5,65,0,73,13,0,16,2,82.75163147792706,111.1,105.0,16.09021113243762,20.0,29.80980608137504,181,521,125,18,194,261,60,122,82,100,304,102,0.2771739130434782,163,0.4429347826086957,0.3810623556581986,0.8239971382668942,0.1657608695652174,23.0,27.0625,0.1454965357967667,0.1501154734411085,0.0669745958429561,0.3764434180138568,0.2399232245681382,0.0345489443378119,0.3474088291746641,0.5009596928982726,0.3723608445297505,0.1151631477927063,0.4013157894736842,0.2697368421052631,0.3289473684210526,1,15.5,-5.875,-1.8219264029960698,-3.125,-2.9281249999999943,-0.7011221810558297,0.125,-2.1846285835649546,-0.02584286185941087,-0.06910203763167189,4.941297063807841,0.042678650844944085,-0.06351233096875775,-0.030778800357702016,-0.05955102023346448,-0.05913169997841533,-0.036616009321906284,0.026075420155630746,0.0359363433449571,-0.0015896959712224934,-0.041581360933730285,-0.023099663767891687,-0.004900738637625357
673357,"Robert Jr., Luis",2023,1461,396,358,19,4,111,9,43,27,0,26,1,82.25833333333334,113.6,108.005,16.054054054054053,18.0,32.74022101440476,150,480,119,38,187,205,86,109,68,71,248,96,0.2681564245810056,201,0.5614525139664804,0.3273657289002558,0.8888182428667362,0.2932960893854748,13.76923076923077,15.23076923076923,0.058080808080808,0.2803030303030303,0.1338383838383838,0.5075757575757576,0.2479166666666666,0.0791666666666666,0.3125,0.4270833333333333,0.3895833333333333,0.1791666666666666,0.439516129032258,0.2741935483870967,0.2862903225806452,2,-21.5,4.125,-2.315224547589793,-0.625,0.07687500000000114,-0.7372792594393971,-1.875,0.7457863494647654,0.038978242740431046,0.05843318218858551,-4.289472166961389,-0.04473707687101461,0.06667522589316402,0.03608498763772569,0.07158131932843631,-0.051138257879886934,0.008001713006948408,-0.008833409019033345,-0.037940016219982164,0.015632792832360298,0.02242215794023003,0.015100675790682139,-0.00044403235579176803
677594,"Rodríguez, Julio",2022,1505,419,380,29,2,111,7,66,22,2,19,1,84.38348017621145,115.0,109.635,12.694505494505494,15.0,33.93731381979698,121,454,143,35,199,188,65,111,75,84,270,109,0.2868421052631579,192,0.5052631578947369,0.350835322195704,0.856098480090441,0.2184210526315789,20.0,22.05263157894737,0.0739856801909307,0.2649164677804296,0.1026252983293556,0.4582338902147971,0.3149779735682819,0.0770925110132158,0.2665198237885463,0.4140969162995594,0.4383259911894273,0.1431718061674008,0.4111111111111111,0.2777777777777778,0.3111111111111111,3,45.5,-0.75,-0.040785926224472746,0.4749999999999943,1.2668749999999989,-4.699930222641482,-4.5,-0.019800784160530327,0.028005786080815942,-0.010880625395265686,1.3823951569264068,-0.03706652648191833,0.06408075952290851,0.00722115721658656,0.04055795376217758,0.008757618230107067,0.009786433528117366,-0.027764131114539403,-0.01578163814075101,0.06026089013570446,-0.03925461065582864,-0.07153516804602789,0.03833663864784356
677594,"Rodríguez, Julio",2023,1509,436,401,31,0,110,4,68,23,1,15,0,84.87455268389662,115.5,108.99,13.063366336633663,17.0,33.17641554130135,147,503,153,26,221,208,70,111,86,94,291,107,0.2668329177057356,177,0.4413965087281795,0.3256880733944954,0.7670845821226749,0.1745635910224439,26.73333333333333,29.066666666666663,0.0711009174311926,0.2522935779816513,0.0894495412844036,0.4059633027522936,0.3041749502982107,0.05168986083499,0.2922465208747515,0.4135188866799205,0.4393638170974155,0.1391650099403578,0.3814432989690721,0.2955326460481099,0.3230240549828179,2,18.5,-6.875,0.30099480297349146,1.2750000000000057,1.0618750000000006,-3.7279669768597863,-2.875,1.181980876361358,-0.08275541800363018,-0.060299316174445394,8.674630397141172,-0.03171696752063001,0.03866577357178505,-0.008303854916254516,-0.030031135495027672,0.0051200257516571535,-0.019475092824728188,-0.02908688814428184,-0.051504462873394996,0.06541327659644253,-0.017579498786078784,-0.04297215427250378,0.02089506530522145
677951,"Witt Jr., Bobby",2024,1680,478,437,26,4,75,4,87,27,9,20,7,85.28411371237459,116.9,109.84499999999998,23.68561872909699,24.5,30.64829659687304,190,598,185,49,176,293,124,126,114,129,369,143,0.3272311212814645,248,0.5675057208237986,0.3702928870292887,0.9377986078530872,0.240274599542334,21.85,23.9,0.0627615062761506,0.1569037656903765,0.1171548117154811,0.5188284518828452,0.3093645484949833,0.0819397993311036,0.3177257525083612,0.4899665551839465,0.294314381270903,0.2073578595317725,0.3414634146341463,0.3089430894308943,0.3495934959349593,3,24.0,-2.25,0.7680255212654004,2.2375000000000114,2.312499999999986,4.890915416330866,3.5625,-1.4447204553673316,0.09085924842992055,0.007107395505510511,2.016635338345864,-0.016598833216647,-0.05423439820476714,0.009265875379084937,0.06000298054597558,0.008684834267956631,0.012880710584622854,0.0013686491974594373,0.022658215968134554,-0.05767803441735386,0.034694748454767776,-0.08941426572043154,0.055019533239791585
683002,"Henderson, Gunnar",2024,1791,469,413,47,1,111,6,65,23,5,30,2,86.22084942084942,113.1,109.115,12.464354527938342,15.0,32.94358962839048,160,518,181,42,218,235,65,148,72,84,304,123,0.297820823244552,246,0.5956416464891041,0.3773987206823028,0.973040367171407,0.297820823244552,13.766666666666667,15.633333333333333,0.1023454157782516,0.2366737739872068,0.1236673773987206,0.5245202558635395,0.3494208494208494,0.081081081081081,0.3088803088803089,0.4536679536679536,0.4208494208494208,0.1254826254826254,0.4868421052631579,0.2368421052631578,0.2763157894736842,1,15.0,7.75,1.7047612297402281,-1.5625,1.582499999999996,-6.330348784827782,-5.9375,0.8505725761501068,0.1261010077482403,0.06465361920772852,-6.06669799498747,0.022985076285454,0.02553561009206315,0.015778441062324428,0.06569478452666982,0.04874113519382273,0.01202199233460026,-0.0074767944305929035,-0.013640385547858347,0.06885700516116394,-0.04718048559437932,0.05596442490858006,-0.01708145092794494
691406,"Caminero, Junior",2025,1577,434,404,23,1,87,1,50,19,1,27,5,84.89304029304029,116.5,109.825,15.655677655677655,19.0,35.80301015993513,143,546,172,35,222,226,94,137,98,87,322,97,0.2400990099009901,199,0.4925742574257425,0.2811059907834101,0.7736802482091527,0.2524752475247525,14.962962962962964,16.074074074074073,0.0552995391705069,0.2004608294930875,0.108294930875576,0.4585253456221198,0.315018315018315,0.0641025641025641,0.2619047619047619,0.4139194139194139,0.4065934065934066,0.1721611721611721,0.4254658385093168,0.3043478260869565,0.2701863354037267,3,2.875,1.5,-0.5254876094604413,1.2750000000000057,0.4237499999999983,-1.3952898555395006,-0.375,2.9781118921513468,-0.08259133890038295,-0.005694844602239013,-0.48166068310169763,-0.05684267300140838,-0.0575249351645665,0.00435975595478362,0.011813852443626649,-0.011484768500545528,-0.025165630175492795,-0.03751052746685973,-0.029808846135624845,0.0232726457685698,0.004245936824524205,-0.06979864362870214,0.06577638689297857
695578,"Wood, James",2025,2006,473,402,58,8,133,2,61,23,0,28,3,87.07880085653106,117.9,112.04,9.492505353319055,11.0,31.37823812501122,142,467,167,47,223,197,43,106,71,95,272,112,0.2786069651741293,219,0.5447761194029851,0.3805496828752642,0.9253258022782492,0.2661691542288557,14.357142857142858,16.892857142857142,0.1395348837209302,0.281183932346723,0.1078224101479915,0.4630021141649049,0.3576017130620985,0.1006423982869379,0.30406852248394,0.4218415417558886,0.4775160599571734,0.0920770877944325,0.3897058823529412,0.2610294117647059,0.3492647058823529,1,41.875,2.5,1.660272954030333,2.6750000000000114,2.6387500000000017,-7.5584621578981,-8.375,-1.4466601427725614,0.06905421516871357,0.007999062101864185,-1.0874807889218037,0.027392671549014924,0.023198167689069016,0.0038872352271991234,0.016290620986411763,0.031098629543237943,0.011374204008881006,0.004653233112318356,-0.02188671829915012,0.0941952991323366,-0.0758381475422154,-0.10555859978507776,0.022457972570727985
