Player_ID,player_name,Year,pitches,plate_appearances,at_bats,walks,intentional_walks,strikeouts,hit_by_pitch,singles,doubles,triples,home_runs,sac_flies,Avg_EV,Max_EV,EV_95,Avg_LA,Median_LA,Std_LA,sweet_spot,batted_balls,hard_hits,barrels,ground_balls,air_balls,popups,pulls,centers,oppos,spray_balls,hits,batting_average,total_bases,slugging_percentage,on_base_percentage,ops,iso,ab/hr,pa/hr,bb%,k%,xbh%,total_bases_per_pa,hard_hit%,barrel%,sweet_spot%,air_ball%,ground_ball%,popup%,pull_percentage,center_percentage,oppo_percentage,Round_Reached
405395,"Pujols, Albert",2015,1515,424,383,26,6,43,5,56,14,0,31,4,90.2919540229885,114.0,109.4,14.451149425287356,14.0,26.076708475185242,116,348,142,26,154,160,31,128,101,93,322,101,0.26370757180156656,208,0.5430809399477807,0.32547169811320753,0.8685526380609883,0.27937336814621416,12.35483870967742,13.67741935483871,0.07547169811320754,0.10141509433962265,0.10613207547169812,0.49056603773584906,0.40804597701149425,0.07471264367816093,0.3333333333333333,0.45977011494252873,0.4425287356321839,0.08908045977011494,0.39751552795031053,0.3136645962732919,0.2888198757763975,2
405395,"Pujols, Albert",2022,719,180,156,15,1,31,4,23,6,0,6,4,83.20830039525691,111.4,107.58,15.138339920948617,15.0,37.699846222096305,70,253,76,10,107,85,59,62,35,32,129,35,0.22435897435897437,59,0.3782051282051282,0.3055555555555556,0.6837606837606838,0.15384615384615383,26.0,30.0,0.08888888888888889,0.17222222222222222,0.06666666666666667,0.3277777777777778,0.30039525691699603,0.039525691699604744,0.2766798418972332,0.3359683794466403,0.42292490118577075,0.233201581027668,0.4806201550387597,0.2713178294573643,0.24806201550387597,2
425902,"Fielder, Prince",2015,1475,422,380,23,9,41,7,93,21,0,15,3,90.75128205128205,114.1,108.69999999999999,12.01139601139601,11.0,26.921576817328102,109,351,152,18,165,155,27,142,92,94,328,129,0.3394736842105263,195,0.5131578947368421,0.3981042654028436,0.9112621601396858,0.17368421052631583,25.333333333333332,28.133333333333333,0.07582938388625593,0.0971563981042654,0.08530805687203792,0.46208530805687204,0.43304843304843305,0.05128205128205128,0.31054131054131057,0.4415954415954416,0.4700854700854701,0.07692307692307693,0.4329268292682927,0.2804878048780488,0.2865853658536585,1
429664,"Canó, Robinson",2016,1637,458,421,30,2,64,4,79,26,2,28,1,87.02722891566266,111.4,107.24999999999997,14.759036144578314,15.0,26.678887761839608,145,415,149,25,177,198,37,158,79,111,348,135,0.32066508313539194,249,0.5914489311163895,0.37336244541484714,0.9648113765312367,0.2707838479809976,15.035714285714286,16.357142857142858,0.06986899563318777,0.13973799126637554,0.1222707423580786,0.5436681222707423,0.35903614457831323,0.060240963855421686,0.3493975903614458,0.4771084337349398,0.42650602409638555,0.0891566265060241,0.4540229885057471,0.22701149425287356,0.31896551724137934,1
444432,"Trumbo, Mark",2016,1577,439,409,27,1,118,2,67,17,1,33,0,87.3413612565445,117.2,112.095,20.51047120418848,20.0,30.680961725079758,122,382,129,40,140,166,68,128,75,85,288,118,0.2885085574572127,236,0.5770171149144254,0.33712984054669703,0.9141469554611225,0.2885085574572127,12.393939393939394,13.303030303030303,0.06378132118451026,0.26879271070615035,0.11617312072892938,0.5375854214123007,0.337696335078534,0.10471204188481675,0.3193717277486911,0.43455497382198954,0.36649214659685864,0.17801047120418848,0.4444444444444444,0.2604166666666667,0.2951388888888889,2
453568,"Blackmon, Charlie",2017,1881,468,423,31,2,91,5,80,23,11,23,4,82.54852652259332,112.0,105.91999999999999,17.62082514734774,20.0,27.50253457372991,191,509,134,31,184,270,52,161,77,80,318,137,0.32387706855791965,251,0.5933806146572104,0.3763440860215054,0.9697247006787157,0.2695035460992907,18.391304347826086,20.347826086956523,0.07051282051282051,0.19444444444444445,0.12179487179487179,0.5363247863247863,0.2632612966601179,0.060903732809430254,0.37524557956778,0.5304518664047151,0.3614931237721022,0.10216110019646366,0.5062893081761006,0.24213836477987422,0.25157232704402516,1
453943,"Frazier, Todd",2015,1554,432,396,26,1,76,5,52,29,1,29,4,88.33647416413375,110.3,106.6,16.835866261398177,17.0,28.156202841822694,119,329,126,27,130,151,46,145,92,82,319,111,0.2803030303030303,229,0.5782828282828283,0.33101851851851855,0.9093013468013469,0.297979797979798,13.655172413793103,14.89655172413793,0.0625,0.17592592592592593,0.13657407407407407,0.5300925925925926,0.3829787234042553,0.08206686930091185,0.3617021276595745,0.45896656534954405,0.3951367781155015,0.1398176291793313,0.45454545454545453,0.2884012539184953,0.25705329153605017,4
453943,"Frazier, Todd",2016,1679,431,379,41,1,93,4,45,13,2,28,6,83.17643979057593,113.5,105.795,25.87434554973822,27.5,32.53320405936788,110,382,94,24,113,161,106,136,73,74,283,88,0.23218997361477572,189,0.49868073878627966,0.3109048723897912,0.8095856111760709,0.26649076517150394,13.535714285714286,15.392857142857142,0.09744779582366589,0.21577726218097448,0.09976798143851508,0.4385150812064965,0.24607329842931938,0.06282722513089005,0.2879581151832461,0.4214659685863874,0.29581151832460734,0.2774869109947644,0.48056537102473496,0.2579505300353357,0.26148409893992935,3
467793,"Santana, Carlos",2019,1694,445,376,61,7,62,1,73,21,1,23,0,87.49484536082474,112.8,106.865,11.989690721649485,13.0,30.6099052875517,111,388,134,25,180,159,46,160,75,79,314,118,0.31382978723404253,210,0.5585106382978723,0.4202247191011236,0.9787353573989959,0.24468085106382975,16.347826086956523,19.347826086956523,0.15280898876404495,0.1393258426966292,0.10112359550561797,0.47191011235955055,0.34536082474226804,0.06443298969072164,0.2860824742268041,0.4097938144329897,0.4639175257731959,0.11855670103092783,0.5095541401273885,0.23885350318471338,0.2515923566878981,1
471865,"González, Carlos",2016,1464,420,392,24,4,89,0,73,24,2,22,0,84.88818897637796,118.1,111.7,12.535433070866143,14.0,29.014822512020665,119,381,113,28,172,167,42,135,68,92,295,121,0.3086734693877551,215,0.548469387755102,0.3547619047619048,0.9032312925170067,0.23979591836734693,17.818181818181817,19.09090909090909,0.06666666666666667,0.2119047619047619,0.11428571428571428,0.5119047619047619,0.29658792650918636,0.07349081364829396,0.3123359580052493,0.43832020997375326,0.45144356955380577,0.11023622047244094,0.4576271186440678,0.2305084745762712,0.31186440677966104,1
518626,"Donaldson, Josh",2015,1640,456,410,37,0,90,4,72,23,0,27,4,91.73557692307692,113.6,110.0,9.618589743589743,10.0,28.614052951313997,95,312,144,30,151,136,22,99,114,104,317,122,0.2975609756097561,226,0.551219512195122,0.35824175824175825,0.9094612704368803,0.2536585365853659,15.185185185185185,16.88888888888889,0.08114035087719298,0.19736842105263158,0.10964912280701754,0.4956140350877193,0.46153846153846156,0.09615384615384616,0.30448717948717946,0.4358974358974359,0.483974358974359,0.07051282051282051,0.31230283911671924,0.35962145110410093,0.3280757097791798,2
518692,"Freeman, Freddie",2018,1685,473,409,49,9,85,3,79,29,3,18,3,84.70523138832998,109.2,104.03999999999999,16.643863179074447,18.0,24.702339406269438,195,497,126,31,175,283,35,167,56,94,317,129,0.3154034229828851,218,0.5330073349633252,0.40169133192389006,0.9346986668872153,0.2176039119804401,22.72222222222222,26.27777777777778,0.1226215644820296,0.17970401691331925,0.10570824524312897,0.4608879492600423,0.2535211267605634,0.06237424547283702,0.39235412474849096,0.5694164989939637,0.352112676056338,0.07042253521126761,0.526813880126183,0.17665615141955837,0.29652996845425866,1
519058,"Moustakas, Mike",2017,1474,394,372,16,2,70,1,49,17,0,30,3,81.96483516483516,112.9,107.46,23.984615384615385,25.0,29.072175576454892,153,455,106,27,131,226,91,159,59,69,287,96,0.25806451612903225,203,0.5456989247311828,0.2918781725888325,0.8375770973200152,0.2876344086021505,12.4,13.133333333333333,0.04568527918781726,0.17766497461928935,0.11928934010152284,0.5152284263959391,0.23296703296703297,0.05934065934065934,0.3362637362637363,0.4967032967032967,0.2879120879120879,0.2,0.554006968641115,0.20557491289198607,0.24041811846689895,1
519203,"Rizzo, Anthony",2015,1646,444,370,46,4,54,20,56,27,2,18,4,87.6406528189911,112.0,107.69999999999999,16.201780415430267,15.0,24.360039910470892,140,337,121,21,131,171,31,154,75,78,307,103,0.27837837837837837,188,0.5081081081081081,0.38963963963963966,0.8977477477477478,0.22972972972972977,20.555555555555557,24.666666666666668,0.11261261261261261,0.12162162162162163,0.10585585585585586,0.42342342342342343,0.3590504451038576,0.06231454005934718,0.41543026706231456,0.5074183976261127,0.3887240356083086,0.09198813056379822,0.501628664495114,0.24429967426710097,0.254071661237785,1
519317,"Stanton, Giancarlo",2016,1404,360,309,43,3,116,2,37,13,1,22,3,87.38387096774193,120.1,115.5,17.229390681003583,19.0,32.45225153180453,78,279,98,29,108,121,48,83,48,56,187,73,0.23624595469255663,154,0.49838187702265374,0.33611111111111114,0.8344929881337648,0.2621359223300971,14.045454545454545,16.363636363636363,0.12777777777777777,0.32222222222222224,0.1,0.42777777777777776,0.35125448028673834,0.1039426523297491,0.27956989247311825,0.4336917562724014,0.3870967741935484,0.17204301075268819,0.44385026737967914,0.25668449197860965,0.2994652406417112,4
519317,"Stanton, Giancarlo",2017,1559,407,357,40,5,95,4,49,20,0,29,1,84.88194070080863,118.7,113.9,18.857142857142858,19.0,32.287033150361,120,371,115,37,138,157,74,108,79,69,256,98,0.27450980392156865,205,0.5742296918767507,0.36117936117936117,0.9354090530561119,0.299719887955182,12.310344827586206,14.03448275862069,0.11056511056511056,0.2334152334152334,0.12039312039312039,0.5036855036855037,0.30997304582210244,0.09973045822102426,0.32345013477088946,0.42318059299191374,0.3719676549865229,0.19946091644204852,0.421875,0.30859375,0.26953125,1
521692,"Perez, Salvador",2021,1396,407,389,8,2,112,7,67,19,0,24,1,85.63830227743271,114.2,107.58999999999999,15.869565217391305,20.0,32.86987997485857,138,483,166,36,186,223,72,127,66,85,278,110,0.2827763496143959,201,0.5167095115681234,0.31203931203931207,0.8287488236074354,0.2339331619537275,16.208333333333332,16.958333333333332,0.02457002457002457,0.2751842751842752,0.10565110565110565,0.49385749385749383,0.34368530020703936,0.07453416149068323,0.2857142857142857,0.4616977225672878,0.38509316770186336,0.14906832298136646,0.4568345323741007,0.23741007194244604,0.3057553956834532,1
542303,"Ozuna, Marcell",2024,1774,454,404,44,1,111,2,72,22,0,28,3,85.46072796934865,114.6,107.0,18.04588910133843,20.0,31.1230686105147,175,522,167,47,179,266,70,146,65,85,296,122,0.30198019801980197,228,0.5643564356435643,0.3722466960352423,0.9366031316788066,0.26237623762376233,14.428571428571429,16.214285714285715,0.09911894273127753,0.2444933920704846,0.11013215859030837,0.5022026431718062,0.31992337164750956,0.09003831417624521,0.33524904214559387,0.5095785440613027,0.342911877394636,0.13409961685823754,0.49324324324324326,0.2195945945945946,0.28716216216216217,1
542583,"Aguilar, Jesús",2018,1486,379,333,35,0,92,4,52,19,0,26,7,85.5513966480447,110.7,105.915,19.977653631284916,22.0,27.22670778643823,135,358,116,25,112,193,49,88,59,76,223,97,0.2912912912912913,194,0.5825825825825826,0.35883905013192613,0.9414216327145086,0.2912912912912913,12.807692307692308,14.576923076923077,0.09234828496042216,0.24274406332453827,0.11873350923482849,0.5118733509234829,0.3240223463687151,0.06983240223463687,0.3770949720670391,0.5391061452513967,0.3128491620111732,0.13687150837988826,0.39461883408071746,0.2645739910313901,0.34080717488789236,1
547180,"Harper, Bryce",2018,1831,470,375,74,12,115,3,41,17,0,25,6,85.47766497461929,115.1,108.77499999999998,17.81979695431472,19.0,27.35304038455832,133,394,120,32,148,199,45,126,53,68,247,83,0.22133333333333333,175,0.4666666666666667,0.3659574468085106,0.8326241134751773,0.24533333333333335,15.0,18.8,0.1829787234042553,0.24468085106382978,0.08936170212765958,0.3723404255319149,0.30456852791878175,0.08121827411167512,0.33756345177664976,0.5050761421319797,0.3756345177664975,0.11421319796954314,0.5101214574898786,0.2145748987854251,0.27530364372469635,4
547180,"Harper, Bryce",2026,1684,428,358,61,2,87,0,51,20,2,21,7,84.08779599271402,113.5,106.66,16.512727272727272,19.5,29.930320138392872,174,549,149,31,215,263,72,143,62,73,278,94,0.26256983240223464,181,0.505586592178771,0.36682242990654207,0.8724090220853131,0.24301675977653636,17.047619047619047,20.38095238095238,0.14719626168224298,0.20327102803738317,0.10046728971962617,0.42289719626168226,0.27140255009107467,0.056466302367941715,0.31693989071038253,0.4790528233151184,0.39162112932604737,0.13114754098360656,0.5143884892086331,0.22302158273381295,0.26258992805755393,1
571506,"Bour, Justin",2017,1362,381,336,37,6,82,1,54,14,0,22,1,84.46973684210526,114.9,109.59499999999998,17.838815789473685,19.0,30.37592313303048,105,304,96,26,106,152,44,139,60,46,245,90,0.26785714285714285,170,0.5059523809523809,0.35170603674540685,0.8576584176977877,0.23809523809523808,15.272727272727273,17.318181818181817,0.11286089238845144,0.2152230971128609,0.09448818897637795,0.4461942257217848,0.3157894736842105,0.08552631578947369,0.34539473684210525,0.5,0.34868421052631576,0.14473684210526316,0.5673469387755102,0.24489795918367346,0.18775510204081633,1
571970,"Muncy, Max",2018,1230,294,239,48,5,67,1,31,11,1,22,1,86.41935483870968,111.7,106.42999999999999,20.987903225806452,23.0,25.857517071598455,85,248,86,30,79,135,33,86,38,42,166,65,0.2719665271966527,144,0.602510460251046,0.40476190476190477,1.007272365012951,0.33054393305439334,10.863636363636363,13.363636363636363,0.18027210884353742,0.22789115646258504,0.11564625850340136,0.4897959183673469,0.3467741935483871,0.12096774193548387,0.34274193548387094,0.5443548387096774,0.3185483870967742,0.13306451612903225,0.5180722891566265,0.2289156626506024,0.25301204819277107,2
571976,"Myers, Wil",2016,1868,454,405,45,0,91,0,66,24,2,23,4,84.38575129533679,113.2,106.07499999999999,10.971502590673575,15.0,28.133479917738786,136,386,123,23,173,184,26,111,78,116,305,115,0.2839506172839506,212,0.5234567901234568,0.3524229074889868,0.8758796976124437,0.2395061728395062,17.608695652173914,19.73913043478261,0.09911894273127753,0.20044052863436124,0.10792951541850221,0.4669603524229075,0.31865284974093266,0.05958549222797927,0.35233160621761656,0.47668393782383417,0.4481865284974093,0.06735751295336788,0.3639344262295082,0.25573770491803277,0.380327868852459,1
575929,"Contreras, Willson",2026,1553,395,339,38,1,96,14,56,18,2,22,3,83.248,117.3,109.72999999999999,17.205882352941178,19.0,33.61271136527189,143,475,146,35,183,207,83,127,59,59,245,98,0.2890855457227139,186,0.5486725663716814,0.3822784810126582,0.9309510473843396,0.2595870206489675,15.409090909090908,17.954545454545453,0.09873417721518987,0.2430379746835443,0.10632911392405063,0.4708860759493671,0.30736842105263157,0.07368421052631578,0.30105263157894735,0.4357894736842105,0.38526315789473686,0.17473684210526316,0.5183673469387755,0.24081632653061225,0.24081632653061225,2
592178,"Bryant, Kris",2015,1509,384,326,50,0,115,5,52,17,4,21,3,88.36489795918368,114.0,107.17999999999999,18.987755102040815,21.0,26.184321681246438,75,245,92,21,94,118,30,86,47,76,209,94,0.2883435582822086,182,0.558282208588957,0.3880208333333333,0.9463030419222904,0.26993865030674846,15.523809523809524,18.285714285714285,0.13020833333333334,0.2994791666666667,0.109375,0.4739583333333333,0.37551020408163266,0.08571428571428572,0.30612244897959184,0.4816326530612245,0.3836734693877551,0.12244897959183673,0.41148325358851673,0.22488038277511962,0.36363636363636365,1
592450,"Judge, Aaron",2017,1746,435,364,62,5,124,4,68,15,4,33,0,86.94583333333333,121.1,115.225,16.386904761904763,18.5,24.79357779031969,134,336,118,49,124,186,23,87,58,79,224,120,0.32967032967032966,242,0.6648351648351648,0.43908045977011495,1.1039156246052797,0.33516483516483514,11.030303030303031,13.181818181818182,0.15402298850574714,0.2850574712643678,0.11954022988505747,0.5563218390804597,0.35119047619047616,0.14583333333333334,0.39880952380952384,0.5535714285714286,0.36904761904761907,0.06845238095238096,0.38839285714285715,0.25892857142857145,0.35267857142857145,4
592518,"Machado, Manny",2015,1552,445,401,36,1,71,1,74,21,1,20,4,90.04277286135694,114.9,108.52999999999999,15.359882005899705,16.0,27.969239992978938,107,339,129,19,149,147,41,110,121,97,328,116,0.2892768079800499,199,0.49625935162094764,0.3476297968397291,0.8438891484606768,0.20698254364089774,20.05,22.25,0.08314606741573034,0.15955056179775282,0.09438202247191012,0.44719101123595506,0.3805309734513274,0.05604719764011799,0.31563421828908556,0.4336283185840708,0.43952802359882004,0.12094395280235988,0.3353658536585366,0.36890243902439024,0.29573170731707316,1
592626,"Pederson, Joc",2015,1669,435,365,58,4,122,6,44,20,1,26,1,91.42072072072072,114.3,109.095,13.022522522522523,15.0,27.483511090167905,71,222,107,30,98,106,17,131,65,48,244,91,0.2493150684931507,191,0.5232876712328767,0.3663594470046083,0.889647118237485,0.273972602739726,14.038461538461538,16.73076923076923,0.1425287356321839,0.28045977011494255,0.10804597701149425,0.43908045977011495,0.481981981981982,0.13513513513513514,0.31981981981981983,0.4774774774774775,0.44144144144144143,0.07657657657657657,0.5368852459016393,0.26639344262295084,0.19672131147540983,3
592626,"Pederson, Joc",2019,1320,354,309,34,0,76,9,33,12,3,23,2,87.13721590909091,113.7,108.2,22.75284090909091,23.5,29.781229731626162,100,352,114,23,126,156,65,129,58,47,234,71,0.2297734627831715,158,0.511326860841424,0.3220338983050847,0.8333607591465086,0.28155339805825247,13.434782608695652,15.391304347826088,0.096045197740113,0.21468926553672316,0.10734463276836158,0.4463276836158192,0.32386363636363635,0.06534090909090909,0.2840909090909091,0.4431818181818182,0.35795454545454547,0.1846590909090909,0.5512820512820513,0.24786324786324787,0.20085470085470086,2
593934,"Sanó, Miguel",2017,1557,399,351,43,5,142,0,51,14,3,25,0,87.21764705882353,114.6,110.6,19.715686274509803,21.0,28.28915477217735,104,306,112,32,104,154,46,96,47,52,195,93,0.26495726495726496,188,0.5356125356125356,0.3533834586466165,0.8889959942591521,0.2706552706552707,14.04,15.96,0.12030075187969924,0.3558897243107769,0.10526315789473684,0.47117794486215536,0.3660130718954248,0.10457516339869281,0.33986928104575165,0.5032679738562091,0.33986928104575165,0.1503267973856209,0.49230769230769234,0.24102564102564103,0.26666666666666666,3
594807,"Duvall, Adam",2016,1277,391,368,16,0,107,3,43,24,2,27,4,84.56222910216718,110.7,105.97999999999999,24.860681114551085,25.0,27.048078349335373,111,323,99,28,92,170,56,131,50,81,262,96,0.2608695652173913,205,0.5570652173913043,0.29411764705882354,0.8511828644501278,0.296195652173913,13.62962962962963,14.481481481481481,0.04092071611253197,0.27365728900255754,0.13554987212276215,0.5242966751918159,0.3065015479876161,0.08668730650154799,0.34365325077399383,0.5263157894736842,0.2848297213622291,0.17337461300309598,0.5,0.19083969465648856,0.30916030534351147,2
595879,"Báez, Javier",2018,1305,402,378,11,5,100,5,55,28,7,19,3,85.5680693069307,113.0,108.83999999999999,14.311881188118813,15.0,29.18949397024467,135,404,134,34,168,187,44,106,79,84,269,109,0.28835978835978837,208,0.5502645502645502,0.32338308457711445,0.8736476348416646,0.26190476190476186,19.894736842105264,21.157894736842106,0.03980099502487562,0.24875621890547264,0.13432835820895522,0.5174129353233831,0.3316831683168317,0.08415841584158416,0.3341584158415842,0.4628712871287129,0.4158415841584158,0.10891089108910891,0.3940520446096654,0.2936802973977695,0.31226765799256506,1
596115,"Story, Trevor",2021,1416,370,331,29,2,87,4,43,19,2,15,4,83.22174840085287,111.7,106.55999999999999,21.37100213219616,23.0,29.912887970382055,148,469,109,23,148,222,93,106,57,85,248,79,0.23867069486404835,147,0.44410876132930516,0.3081081081081081,0.7522168694374133,0.2054380664652568,22.066666666666666,24.666666666666668,0.08378378378378379,0.23513513513513515,0.0972972972972973,0.3972972972972973,0.232409381663113,0.04904051172707889,0.31556503198294245,0.47334754797441364,0.31556503198294245,0.19829424307036247,0.4274193548387097,0.22983870967741934,0.34274193548387094,2
596142,"Sánchez, Gary",2017,1068,298,265,28,0,67,5,48,12,0,18,0,84.41011673151752,115.7,111.94,16.91828793774319,16.0,30.787279488571134,81,257,82,17,105,105,44,94,57,40,191,78,0.2943396226415094,144,0.5433962264150943,0.3724832214765101,0.9158794478916044,0.2490566037735849,14.722222222222221,16.555555555555557,0.09395973154362416,0.22483221476510068,0.10067114093959731,0.48322147651006714,0.31906614785992216,0.06614785992217899,0.3151750972762646,0.4085603112840467,0.4085603112840467,0.17120622568093385,0.49214659685863876,0.29842931937172773,0.2094240837696335,2
605137,"Bell, Josh",2019,1663,446,394,37,7,96,2,49,32,3,29,6,86.81144164759725,116.2,109.22,14.139588100686499,18.0,27.801412623581694,148,437,148,39,173,226,34,140,75,88,303,113,0.2868020304568528,238,0.6040609137055838,0.35650224215246634,0.9605631558580501,0.31725888324873097,13.586206896551724,15.379310344827585,0.09865470852017937,0.21524663677130046,0.14349775784753363,0.5336322869955157,0.33867276887871856,0.08924485125858124,0.33867276887871856,0.517162471395881,0.39588100686498856,0.07780320366132723,0.46204620462046203,0.24752475247524752,0.29042904290429045,1
605141,"Betts, Mookie",2023,1568,418,351,55,2,67,4,44,23,1,29,6,86.98034934497817,110.1,106.13,22.59912854030501,23.0,29.50998053547249,169,458,154,36,134,242,82,147,72,71,290,97,0.27635327635327633,209,0.5954415954415955,0.37799043062200954,0.973432026063605,0.31908831908831914,12.10344827586207,14.413793103448276,0.13636363636363635,0.16028708133971292,0.12679425837320574,0.5,0.33624454148471616,0.07860262008733625,0.36899563318777295,0.5283842794759825,0.2925764192139738,0.17903930131004367,0.506896551724138,0.2482758620689655,0.24482758620689654,1
606192,"Hernández, Teoscar",2024,1698,442,399,33,1,125,7,64,22,1,20,1,82.94478178368122,112.7,106.6,18.641366223908918,23.0,33.47631868886991,151,527,135,37,195,228,97,105,76,94,275,107,0.2681704260651629,191,0.47869674185463656,0.3356009070294785,0.814297648884115,0.21052631578947367,19.95,22.1,0.07692307692307693,0.2828054298642534,0.09728506787330317,0.4321266968325792,0.25616698292220114,0.07020872865275142,0.286527514231499,0.43263757115749524,0.3700189753320683,0.1840607210626186,0.38181818181818183,0.27636363636363637,0.3418181818181818,4
608070,"Ramírez, José",2022,1642,411,365,34,7,45,3,45,32,4,21,2,83.86023890784983,112.1,105.875,22.78839590443686,23.0,32.336948280398154,165,586,168,19,198,251,135,167,80,75,322,102,0.27945205479452057,205,0.5616438356164384,0.35523114355231145,0.9168749791687498,0.2821917808219178,17.38095238095238,19.571428571428573,0.09975669099756691,0.10948905109489052,0.1386861313868613,0.49878345498783455,0.28668941979522183,0.032423208191126277,0.2815699658703072,0.4283276450511945,0.3378839590443686,0.23037542662116042,0.5186335403726708,0.2484472049689441,0.2329192546583851,1
608070,"Ramírez, José",2024,1706,453,420,23,7,61,1,59,23,1,28,2,85.13646322378716,116.6,106.6,21.136150234741784,22.0,31.422471516266196,202,639,205,28,216,289,128,215,72,74,361,111,0.2642857142857143,220,0.5238095238095238,0.31346578366445915,0.8372753074739829,0.25952380952380955,15.0,16.178571428571427,0.06622516556291391,0.1346578366445916,0.11479028697571744,0.4856512141280353,0.3208137715179969,0.04381846635367762,0.3161189358372457,0.4522691705790297,0.3380281690140845,0.20031298904538342,0.5955678670360111,0.1994459833795014,0.20498614958448755,2
608324,"Bregman, Alex",2018,1894,501,425,68,0,63,6,65,35,2,21,2,85.74090909090908,108.5,102.985,19.99586776859504,22.0,29.474345504704925,182,484,156,27,160,244,76,152,93,82,327,123,0.28941176470588237,225,0.5294117647058824,0.3932135728542914,0.9226253375601738,0.24,20.238095238095237,23.857142857142858,0.13572854291417166,0.12574850299401197,0.1157684630738523,0.4491017964071856,0.32231404958677684,0.05578512396694215,0.3760330578512397,0.5041322314049587,0.3305785123966942,0.15702479338842976,0.4648318042813456,0.28440366972477066,0.25076452599388377,1
608324,"Bregman, Alex",2019,1768,435,348,76,0,55,5,51,16,1,26,6,84.68606356968215,107.4,103.08,22.86552567237164,24.0,30.41685887309594,146,409,109,12,124,202,80,129,88,81,298,94,0.27011494252873564,190,0.5459770114942529,0.40229885057471265,0.9482758620689655,0.2758620689655173,13.384615384615385,16.73076923076923,0.17471264367816092,0.12643678160919541,0.09885057471264368,0.4367816091954023,0.2665036674816626,0.029339853300733496,0.3569682151589242,0.4938875305623472,0.30317848410757947,0.19559902200489,0.43288590604026844,0.2953020134228188,0.27181208053691275,1
608336,"Gallo, Joey",2021,1620,403,320,75,4,123,3,41,8,1,30,1,84.97272727272727,117.6,110.8,23.410557184750733,25.0,32.28761017125585,107,341,99,34,103,152,85,107,43,48,198,80,0.25,180,0.5625,0.40198511166253104,0.964485111662531,0.3125,10.666666666666666,13.433333333333334,0.19602977667493796,0.3052109181141439,0.0967741935483871,0.4466501240694789,0.2903225806451613,0.09970674486803519,0.31378299120234604,0.44574780058651026,0.3020527859237537,0.24926686217008798,0.5404040404040404,0.21717171717171718,0.24242424242424243,1
608369,"Seager, Corey",2016,1455,409,373,29,4,82,1,68,24,3,17,2,85.5574370709382,110.3,106.42,14.496567505720824,15.0,24.818942753139606,162,437,142,28,177,225,31,122,66,99,287,112,0.3002680965147453,193,0.517426273458445,0.3569682151589242,0.8743944886173692,0.21715817694369977,21.941176470588236,24.058823529411764,0.08068459657701711,0.20048899755501223,0.10757946210268948,0.4718826405867971,0.32494279176201374,0.06407322654462243,0.3707093821510298,0.5148741418764302,0.40503432494279173,0.07093821510297482,0.4250871080139373,0.22996515679442509,0.34494773519163763,1
608369,"Seager, Corey",2022,1456,422,377,31,6,69,3,56,11,1,25,5,84.82676864244742,112.2,106.19,18.020992366412212,22.0,31.004310102023354,178,523,150,33,180,264,73,162,54,97,313,93,0.246684350132626,181,0.48010610079575594,0.31516587677725116,0.795271977573007,0.23342175066312995,15.08,16.88,0.08767772511848342,0.16350710900473933,0.08767772511848342,0.42890995260663506,0.28680688336520077,0.06309751434034416,0.3403441682600382,0.5047801147227533,0.3441682600382409,0.13957934990439771,0.5175718849840255,0.17252396166134185,0.30990415335463256,1
621439,"Buxton, Byron",2025,1441,383,339,32,2,103,5,55,16,4,24,5,84.93384615384616,112.5,108.15999999999998,17.708971553610503,19.0,33.09775172628369,135,455,152,39,172,200,82,132,53,56,241,99,0.2920353982300885,195,0.5752212389380531,0.360313315926893,0.9355345548649461,0.2831858407079646,14.125,15.958333333333334,0.08877284595300261,0.2689295039164491,0.11488250652741515,0.5091383812010444,0.33406593406593404,0.08571428571428572,0.2967032967032967,0.43956043956043955,0.378021978021978,0.18021978021978022,0.5477178423236515,0.21991701244813278,0.23236514522821577,2
621566,"Olson, Matt",2021,1602,416,361,41,3,74,5,50,25,0,29,6,85.06845238095238,115.3,109.4,20.061507936507937,25.0,34.541964372221024,131,504,151,38,184,218,97,136,75,82,293,104,0.2880886426592798,216,0.5983379501385041,0.36778846153846156,0.9661264116769657,0.3102493074792243,12.448275862068966,14.344827586206897,0.10576923076923077,0.1778846153846154,0.12980769230769232,0.5192307692307693,0.2996031746031746,0.07539682539682539,0.25992063492063494,0.43253968253968256,0.36507936507936506,0.19246031746031747,0.4641638225255973,0.25597269624573377,0.27986348122866894,1
621566,"Olson, Matt",2025,2056,474,408,59,2,111,2,60,23,0,20,3,85.93910806174956,113.8,108.2,21.222984562607206,23.0,30.733054504670474,193,583,186,45,189,275,113,144,52,104,300,103,0.25245098039215685,186,0.45588235294117646,0.350210970464135,0.8060933234053115,0.2034313725490196,20.4,23.7,0.12869198312236288,0.23417721518987342,0.09071729957805907,0.3924050632911392,0.3190394511149228,0.07718696397941681,0.33104631217838765,0.4716981132075472,0.3241852487135506,0.19382504288164665,0.48,0.17333333333333334,0.3466666666666667,1
624413,"Alonso, Pete",2019,1647,451,396,41,0,104,12,53,26,3,34,2,85.52857142857142,118.3,111.7,17.41269841269841,18.0,29.268972130385464,129,378,117,42,146,178,50,126,70,94,290,116,0.29292929292929293,250,0.6313131313131313,0.37472283813747226,1.0060359694506036,0.33838383838383834,11.647058823529411,13.264705882352942,0.09090909090909091,0.23059866962305986,0.13968957871396895,0.5543237250554324,0.30952380952380953,0.1111111111111111,0.3412698412698413,0.4708994708994709,0.3862433862433862,0.13227513227513227,0.43448275862068964,0.2413793103448276,0.32413793103448274,4
624413,"Alonso, Pete",2021,1342,370,327,32,2,78,6,47,18,0,21,3,85.34774193548387,117.1,111.16,20.260215053763442,24.0,32.680780824491926,141,465,145,42,156,214,89,105,60,85,250,86,0.26299694189602446,167,0.5107033639143731,0.34054054054054056,0.8512439044549136,0.24770642201834864,15.571428571428571,17.61904761904762,0.0918918918918919,0.21081081081081082,0.10540540540540541,0.45135135135135135,0.3118279569892473,0.09032258064516129,0.3032258064516129,0.46021505376344085,0.33548387096774196,0.1913978494623656,0.42,0.24,0.34,4
624413,"Alonso, Pete",2022,1622,431,374,33,7,89,9,54,19,0,25,8,83.16600000000001,116.5,110.855,20.701818181818183,21.0,30.751992788118148,182,550,167,39,184,265,94,144,64,85,293,98,0.2620320855614973,192,0.5133689839572193,0.34106728538283065,0.85443626934005,0.251336898395722,14.96,17.24,0.09280742459396751,0.20649651972157773,0.10208816705336426,0.44547563805104406,0.30363636363636365,0.07090909090909091,0.33090909090909093,0.4818181818181818,0.33454545454545453,0.1709090909090909,0.49146757679180886,0.21843003412969283,0.2901023890784983,2
624413,"Alonso, Pete",2023,1478,388,338,38,0,81,12,36,7,1,30,0,82.81528089887641,116.4,109.1,19.456179775280898,23.0,29.923566126004076,148,445,128,37,151,228,63,110,69,76,255,74,0.21893491124260356,173,0.5118343195266272,0.31958762886597936,0.8314219483926065,0.2928994082840236,11.266666666666667,12.933333333333334,0.0979381443298969,0.20876288659793815,0.0979381443298969,0.44587628865979384,0.2876404494382023,0.08314606741573034,0.3325842696629214,0.5123595505617977,0.3393258426966292,0.14157303370786517,0.43137254901960786,0.27058823529411763,0.2980392156862745,1
624413,"Alonso, Pete",2024,1824,471,419,41,3,96,6,57,27,0,21,2,82.55043029259897,116.5,108.8,20.259896729776248,22.0,30.60825208749082,181,581,160,38,199,282,96,130,84,111,325,105,0.25059665871121717,195,0.46539379474940334,0.32908704883227174,0.794480843581675,0.21479713603818618,19.952380952380953,22.428571428571427,0.09341825902335456,0.20382165605095542,0.10191082802547771,0.4140127388535032,0.27538726333907054,0.06540447504302926,0.31153184165232356,0.4853700516351119,0.342512908777969,0.16523235800344235,0.4,0.25846153846153846,0.3415384615384615,1
641355,"Bellinger, Cody",2017,1412,360,315,36,5,105,0,34,17,1,27,4,85.71518518518518,113.0,108.21,22.91111111111111,24.0,28.98287320610723,94,270,98,26,80,141,48,109,50,49,208,79,0.2507936507936508,179,0.5682539682539682,0.3333333333333333,0.9015873015873015,0.31746031746031744,11.666666666666666,13.333333333333334,0.11388888888888889,0.2916666666666667,0.125,0.49722222222222223,0.362962962962963,0.0962962962962963,0.34814814814814815,0.5222222222222223,0.2962962962962963,0.17777777777777778,0.5240384615384616,0.2403846153846154,0.23557692307692307,2
641820,"Mancini, Trey",2021,1581,416,375,33,1,102,5,64,18,0,18,2,82.89574468085107,113.9,108.3,15.746808510638298,20.0,32.267963550075635,152,470,125,32,178,230,61,100,75,100,275,100,0.26666666666666666,172,0.45866666666666667,0.33413461538461536,0.792801282051282,0.192,20.833333333333332,23.11111111111111,0.08173076923076923,0.24519230769230768,0.08653846153846154,0.41346153846153844,0.26595744680851063,0.06808510638297872,0.32340425531914896,0.48936170212765956,0.37872340425531914,0.12978723404255318,0.36363636363636365,0.2727272727272727,0.36363636363636365,3
656305,"Chapman, Matt",2019,1760,425,368,49,0,87,6,47,25,4,22,2,86.39197247706423,114.4,108.325,21.21788990825688,21.0,29.910606293932116,121,436,143,32,157,193,78,109,78,96,283,98,0.266304347826087,197,0.5353260869565217,0.36,0.8953260869565217,0.26902173913043476,16.727272727272727,19.318181818181817,0.11529411764705882,0.20470588235294118,0.12,0.46352941176470586,0.32798165137614677,0.07339449541284404,0.2775229357798165,0.4426605504587156,0.36009174311926606,0.17889908256880735,0.38515901060070673,0.2756183745583039,0.3392226148409894,1
656555,"Hoskins, Rhys",2018,1795,432,361,60,1,108,5,48,26,0,19,4,84.82167487684728,112.0,106.02499999999999,21.036945812807883,22.0,27.637532442998552,146,406,123,24,126,220,57,127,55,63,245,93,0.25761772853185594,176,0.48753462603878117,0.3689095127610209,0.8564441387998021,0.22991689750692523,19.0,22.736842105263158,0.1412037037037037,0.25,0.10416666666666667,0.4074074074074074,0.30295566502463056,0.059113300492610835,0.35960591133004927,0.541871921182266,0.3103448275862069,0.14039408866995073,0.5183673469387755,0.22448979591836735,0.2571428571428571,2
656941,"Schwarber, Kyle",2018,1501,383,318,50,11,104,1,47,13,2,22,2,84.6948051948052,117.1,109.33,16.704545454545453,18.0,29.86430296607293,98,308,95,26,121,142,41,108,51,51,210,84,0.2641509433962264,167,0.5251572327044025,0.38219895287958117,0.9073561855839837,0.2610062893081761,14.454545454545455,17.40909090909091,0.15926892950391644,0.27154046997389036,0.09660574412532637,0.4360313315926893,0.30844155844155846,0.08441558441558442,0.3181818181818182,0.461038961038961,0.39285714285714285,0.1331168831168831,0.5142857142857142,0.24285714285714285,0.24285714285714285,3
656941,"Schwarber, Kyle",2022,1859,428,365,56,3,131,3,32,12,0,32,1,86.35506329113925,119.2,110.0,20.082278481012658,23.0,34.15565016108627,140,474,159,49,166,205,98,138,45,51,234,76,0.20821917808219179,184,0.5041095890410959,0.32242990654205606,0.826539495583152,0.2958904109589041,11.40625,13.375,0.1378504672897196,0.3060747663551402,0.102803738317757,0.42990654205607476,0.33544303797468356,0.10337552742616034,0.29535864978902954,0.43248945147679324,0.350210970464135,0.20675105485232068,0.5897435897435898,0.19230769230769232,0.21794871794871795,1
656941,"Schwarber, Kyle",2026,1867,436,370,57,3,152,5,48,10,1,34,1,86.95439672801635,114.1,109.5,19.10408163265306,20.0,35.24119904452133,152,489,171,43,172,212,104,141,38,39,218,93,0.25135135135135134,207,0.5594594594594594,0.3623853211009174,0.9218447805603769,0.30810810810810807,10.882352941176471,12.823529411764707,0.13761467889908258,0.3486238532110092,0.10321100917431193,0.47477064220183485,0.3496932515337423,0.08793456032719836,0.310838445807771,0.4335378323108384,0.35173824130879344,0.21267893660531698,0.6467889908256881,0.1743119266055046,0.17889908256880735,3
660271,"Ohtani, Shohei",2021,1463,378,332,36,5,102,3,40,19,4,38,2,84.87401960784314,119.0,111.22999999999999,21.334975369458128,25.0,30.317026278068084,128,408,134,53,126,210,67,106,55,71,232,101,0.3042168674698795,242,0.7289156626506024,0.3835978835978836,1.1125135462484859,0.42469879518072284,8.736842105263158,9.947368421052632,0.10846560846560846,0.2698412698412698,0.16137566137566137,0.6402116402116402,0.3284313725490196,0.12990196078431374,0.3137254901960784,0.5147058823529411,0.3088235294117647,0.1642156862745098,0.45689655172413796,0.23706896551724138,0.30603448275862066,1
660670,"Acuña Jr., Ronald",2019,1920,471,411,48,2,115,7,80,14,2,25,0,84.62150537634409,115.3,110.0,17.2494623655914,19.0,24.703808444245627,189,465,144,39,166,261,32,124,69,100,293,121,0.2944038929440389,214,0.5206812652068127,0.3803418803418803,0.901023145548693,0.22627737226277378,16.44,18.84,0.10615711252653928,0.24416135881104034,0.0870488322717622,0.4543524416135881,0.3096774193548387,0.08387096774193549,0.4064516129032258,0.5612903225806452,0.35698924731182796,0.06881720430107527,0.4232081911262799,0.2354948805460751,0.3412969283276451,2
660670,"Acuña Jr., Ronald",2022,1077,270,230,27,1,67,9,43,10,0,8,3,84.61944444444444,116.6,108.77,16.301538461538463,17.0,34.159594987713135,103,324,99,24,126,137,56,78,36,52,166,61,0.26521739130434785,95,0.41304347826086957,0.362962962962963,0.7760064412238326,0.14782608695652172,28.75,33.75,0.1037037037037037,0.24814814814814815,0.06666666666666667,0.35185185185185186,0.3055555555555556,0.07407407407407407,0.31790123456790126,0.4228395061728395,0.3888888888888889,0.1728395061728395,0.46987951807228917,0.21686746987951808,0.3132530120481928,1
663728,"Raleigh, Cal",2025,1973,479,406,53,12,123,5,40,18,0,43,3,85.5098705501618,114.7,108.615,25.55663430420712,27.0,32.04773884870813,194,618,201,53,169,302,145,177,52,57,286,101,0.24876847290640394,248,0.6108374384236454,0.3569937369519833,0.9678311753756286,0.36206896551724144,9.44186046511628,11.13953488372093,0.13569937369519833,0.2567849686847599,0.12734864300626306,0.5177453027139874,0.32524271844660196,0.08576051779935275,0.313915857605178,0.4886731391585761,0.27346278317152106,0.23462783171521034,0.6188811188811189,0.18181818181818182,0.1993006993006993,4
664761,"Bohm, Alec",2024,1529,446,404,28,2,65,6,69,36,1,12,6,84.17271126760564,110.8,105.5,18.289982425307556,20.0,31.55325123590323,183,568,168,28,201,267,95,125,93,127,345,118,0.29207920792079206,192,0.4752475247524752,0.3452914798206278,0.820539004573103,0.18316831683168316,33.666666666666664,37.166666666666664,0.06726457399103139,0.14573991031390135,0.10986547085201794,0.4304932735426009,0.29577464788732394,0.04929577464788732,0.3221830985915493,0.47007042253521125,0.3538732394366197,0.16725352112676056,0.36231884057971014,0.26956521739130435,0.3681159420289855,2
665489,"Guerrero Jr., Vladimir",2019,1033,273,244,27,0,50,1,37,15,0,8,1,85.01461538461538,119.7,111.60499999999999,9.234615384615385,11.0,29.04600853509156,85,260,81,15,125,114,21,62,70,63,195,60,0.2459016393442623,99,0.4057377049180328,0.32234432234432236,0.7280820272623552,0.1598360655737705,30.5,34.125,0.0989010989010989,0.18315018315018314,0.08424908424908426,0.3626373626373626,0.31153846153846154,0.057692307692307696,0.3269230769230769,0.43846153846153846,0.4807692307692308,0.08076923076923077,0.31794871794871793,0.358974358974359,0.3230769230769231,3
665489,"Guerrero Jr., Vladimir",2023,1520,422,373,37,1,66,7,65,21,0,16,4,85.91349353049907,116.7,111.0,12.313075506445673,15.0,33.93652576126807,156,541,193,44,239,218,84,129,88,94,311,102,0.2734584450402145,171,0.4584450402144772,0.34834123222748814,0.8067862724419653,0.1849865951742627,23.3125,26.375,0.09004739336492891,0.15639810426540285,0.08767772511848342,0.4052132701421801,0.3567467652495379,0.08133086876155268,0.28835489833641403,0.4029574861367837,0.4417744916820702,0.15526802218114602,0.41479099678456594,0.2829581993569132,0.3022508038585209,4
665742,"Soto, Juan",2021,1484,370,305,56,7,57,0,62,9,1,11,2,86.62084432717678,115.3,109.30999999999999,11.419525065963061,13.0,35.32293555883229,100,379,131,24,172,148,58,88,89,73,250,83,0.2721311475409836,127,0.4163934426229508,0.3945945945945946,0.8109880372175454,0.1442622950819672,27.727272727272727,33.63636363636363,0.17027027027027028,0.15405405405405406,0.05675675675675676,0.34324324324324323,0.34564643799472294,0.0633245382585752,0.2638522427440633,0.39050131926121373,0.45382585751978893,0.15303430079155672,0.352,0.356,0.292,2
665742,"Soto, Juan",2022,1746,427,338,83,4,58,2,45,19,0,22,0,84.97483296213808,113.2,108.03999999999999,13.42761692650334,20.0,37.61126047042767,110,449,142,35,183,188,73,107,89,84,280,86,0.25443786982248523,171,0.5059171597633136,0.4098360655737705,0.9157532253370841,0.2514792899408284,15.363636363636363,19.40909090909091,0.20374707259953162,0.1358313817330211,0.09601873536299765,0.40046838407494145,0.31625835189309576,0.0779510022271715,0.24498886414253898,0.41870824053452116,0.40757238307349664,0.16258351893095768,0.3821428571428571,0.31785714285714284,0.3,4
665833,"Cruz, Oneil",2025,1717,407,343,52,4,133,4,40,12,1,19,4,86.44559585492227,122.9,114.65,12.27390180878553,14.0,33.81414328401334,111,386,138,47,172,158,56,109,50,54,213,72,0.2099125364431487,143,0.41690962099125367,0.32432432432432434,0.7412339453155781,0.20699708454810498,18.05263157894737,21.42105263157895,0.1375921375921376,0.32678132678132676,0.07862407862407862,0.35135135135135137,0.35751295336787564,0.12176165803108809,0.28756476683937826,0.40932642487046633,0.44559585492227977,0.14507772020725387,0.5117370892018779,0.2347417840375587,0.2535211267605634,2
665862,"Chisholm Jr., Jazz",2025,1353,327,280,38,0,90,5,36,12,0,20,2,83.4260053619303,111.1,106.41999999999999,18.008042895442358,24.0,35.095682418001964,101,373,106,34,138,167,67,103,53,38,194,68,0.24285714285714285,140,0.5,0.3415384615384615,0.8415384615384616,0.2571428571428571,14.0,16.35,0.1162079510703364,0.27522935779816515,0.09785932721712538,0.42813455657492355,0.28418230563002683,0.09115281501340483,0.2707774798927614,0.4477211796246649,0.3699731903485255,0.17962466487935658,0.5309278350515464,0.27319587628865977,0.1958762886597938,1
666969,"García, Adolis",2023,1685,451,396,45,0,112,4,53,23,1,25,6,84.83313953488373,115.1,107.0,20.656976744186046,25.0,31.95209657444048,164,516,145,42,160,263,91,110,85,95,290,102,0.25757575757575757,202,0.51010101010101,0.3348115299334812,0.8449125400344912,0.2525252525252525,15.84,18.04,0.09977827050997783,0.24833702882483372,0.10864745011086474,0.44789356984478934,0.2810077519379845,0.08139534883720931,0.3178294573643411,0.5096899224806202,0.31007751937984496,0.17635658914728683,0.3793103448275862,0.29310344827586204,0.3275862068965517,1
666969,"García, Adolis",2024,1526,419,381,27,1,119,5,40,18,0,19,5,84.35862785862786,116.1,106.8,17.834368530020704,21.0,34.96888805361457,160,481,134,34,170,214,95,103,70,94,267,77,0.2020997375328084,152,0.3989501312335958,0.26252983293556087,0.6614799641691567,0.19685039370078738,20.05263157894737,22.05263157894737,0.06682577565632458,0.2840095465393795,0.0883054892601432,0.3627684964200477,0.2785862785862786,0.07068607068607069,0.33264033264033266,0.44490644490644493,0.35343035343035345,0.19750519750519752,0.3857677902621723,0.26217228464419473,0.352059925093633,1
667670,"Rooker, Brent",2025,1737,472,419,43,2,104,3,66,25,2,23,4,85.12195608782434,112.4,107.3,16.489021956087825,18.0,30.62956707564632,165,501,160,44,196,229,73,146,83,90,319,116,0.27684964200477324,214,0.5107398568019093,0.3481953290870488,0.858935185888958,0.233890214797136,18.217391304347824,20.52173913043478,0.09533898305084745,0.22033898305084745,0.1059322033898305,0.4533898305084746,0.3193612774451098,0.08782435129740519,0.32934131736526945,0.45708582834331335,0.3912175648702595,0.14570858283433133,0.45768025078369906,0.2601880877742947,0.28213166144200624,1
668227,"Arozarena, Randy",2023,1615,396,332,49,0,100,11,65,9,1,18,4,86.16168224299065,115.3,108.2,14.097674418604651,18.0,34.9068656852537,133,428,145,34,174,182,72,104,62,70,236,93,0.28012048192771083,158,0.4759036144578313,0.38636363636363635,0.8622672508214677,0.19578313253012047,18.444444444444443,22.0,0.12373737373737374,0.25252525252525254,0.0707070707070707,0.398989898989899,0.338785046728972,0.0794392523364486,0.3107476635514019,0.4252336448598131,0.40654205607476634,0.16822429906542055,0.4406779661016949,0.2627118644067797,0.2966101694915254,3
668939,"Rutschman, Adley",2023,1749,433,368,58,5,65,0,73,13,0,16,2,82.75163147792706,111.1,105.0,16.09021113243762,20.0,29.809806081375037,181,521,125,18,194,261,60,122,82,100,304,102,0.27717391304347827,163,0.4429347826086957,0.3810623556581986,0.8239971382668942,0.1657608695652174,23.0,27.0625,0.14549653579676675,0.15011547344110854,0.06697459584295612,0.37644341801385683,0.2399232245681382,0.0345489443378119,0.3474088291746641,0.5009596928982726,0.3723608445297505,0.11516314779270634,0.40131578947368424,0.26973684210526316,0.32894736842105265,1
673357,"Robert Jr., Luis",2023,1461,396,358,19,4,111,9,43,27,0,26,1,82.25833333333334,113.6,108.005,16.054054054054053,18.0,32.74022101440476,150,480,119,38,187,205,86,109,68,71,248,96,0.2681564245810056,201,0.5614525139664804,0.3273657289002558,0.8888182428667362,0.29329608938547486,13.76923076923077,15.23076923076923,0.05808080808080808,0.2803030303030303,0.13383838383838384,0.5075757575757576,0.24791666666666667,0.07916666666666666,0.3125,0.4270833333333333,0.38958333333333334,0.17916666666666667,0.43951612903225806,0.27419354838709675,0.2862903225806452,2
677594,"Rodríguez, Julio",2022,1505,419,380,29,2,111,7,66,22,2,19,1,84.38348017621145,115.0,109.63499999999999,12.694505494505494,15.0,33.93731381979698,121,454,143,35,199,188,65,111,75,84,270,109,0.2868421052631579,192,0.5052631578947369,0.35083532219570407,0.856098480090441,0.21842105263157896,20.0,22.05263157894737,0.07398568019093078,0.2649164677804296,0.1026252983293556,0.45823389021479716,0.31497797356828194,0.07709251101321586,0.2665198237885463,0.41409691629955947,0.43832599118942733,0.14317180616740088,0.4111111111111111,0.2777777777777778,0.3111111111111111,3
677594,"Rodríguez, Julio",2023,1509,436,401,31,0,110,4,68,23,1,15,0,84.87455268389662,115.5,108.99,13.063366336633663,17.0,33.17641554130135,147,503,153,26,221,208,70,111,86,94,291,107,0.26683291770573564,177,0.44139650872817954,0.3256880733944954,0.7670845821226749,0.1745635910224439,26.733333333333334,29.066666666666666,0.07110091743119266,0.25229357798165136,0.08944954128440367,0.4059633027522936,0.30417495029821073,0.05168986083499006,0.2922465208747515,0.4135188866799205,0.4393638170974155,0.13916500994035785,0.38144329896907214,0.29553264604810997,0.3230240549828179,2
677951,"Witt Jr., Bobby",2024,1680,478,437,26,4,75,4,87,27,9,20,7,85.28411371237459,116.9,109.84499999999998,23.68561872909699,24.5,30.64829659687304,190,598,185,49,176,293,124,126,114,129,369,143,0.32723112128146453,248,0.5675057208237986,0.3702928870292887,0.9377986078530873,0.24027459954233404,21.85,23.9,0.06276150627615062,0.15690376569037656,0.11715481171548117,0.5188284518828452,0.3093645484949833,0.08193979933110368,0.3177257525083612,0.4899665551839465,0.29431438127090304,0.20735785953177258,0.34146341463414637,0.3089430894308943,0.34959349593495936,3
683002,"Henderson, Gunnar",2024,1791,469,413,47,1,111,6,65,23,5,30,2,86.22084942084942,113.1,109.115,12.464354527938342,15.0,32.94358962839048,160,518,181,42,218,235,65,148,72,84,304,123,0.29782082324455206,246,0.5956416464891041,0.3773987206823028,0.973040367171407,0.29782082324455206,13.766666666666667,15.633333333333333,0.1023454157782516,0.23667377398720682,0.12366737739872068,0.5245202558635395,0.34942084942084944,0.08108108108108109,0.3088803088803089,0.45366795366795365,0.42084942084942084,0.12548262548262548,0.4868421052631579,0.23684210526315788,0.27631578947368424,1
691023,"Walker, Jordan",2026,1614,442,401,34,1,114,3,72,19,0,23,3,86.12753346080305,117.2,111.49,14.756190476190476,17.0,34.06803902736047,154,523,164,39,220,211,89,119,88,83,290,114,0.28428927680798005,202,0.5037406483790524,0.3438914027149321,0.8476320510939845,0.21945137157107236,17.434782608695652,19.217391304347824,0.07918552036199095,0.2579185520361991,0.09502262443438914,0.45701357466063347,0.3135755258126195,0.0745697896749522,0.2944550669216061,0.40344168260038243,0.42065009560229444,0.1701720841300191,0.4103448275862069,0.30344827586206896,0.28620689655172415,4
691406,"Caminero, Junior",2025,1577,434,404,23,1,87,1,50,19,1,27,5,84.89304029304029,116.5,109.825,15.655677655677655,19.0,35.80301015993513,143,546,172,35,222,226,94,137,98,87,322,97,0.2400990099009901,199,0.49257425742574257,0.28110599078341014,0.7736802482091527,0.2524752475247525,14.962962962962964,16.074074074074073,0.055299539170506916,0.20046082949308755,0.10829493087557604,0.45852534562211983,0.315018315018315,0.0641025641025641,0.2619047619047619,0.4139194139194139,0.4065934065934066,0.17216117216117216,0.4254658385093168,0.30434782608695654,0.2701863354037267,3
691406,"Caminero, Junior",2026,1700,438,380,48,7,80,1,64,15,0,28,2,86.91841085271318,116.9,112.25,13.220502901353965,14.0,36.50864989014064,133,516,192,43,237,181,97,142,96,64,302,107,0.28157894736842104,206,0.5421052631578948,0.3721461187214612,0.914251381879356,0.2605263157894737,13.571428571428571,15.642857142857142,0.12557077625570776,0.182648401826484,0.09817351598173515,0.4703196347031963,0.37209302325581395,0.08333333333333333,0.25775193798449614,0.3507751937984496,0.45930232558139533,0.187984496124031,0.47019867549668876,0.31788079470198677,0.2119205298013245,2
695506,"Caglianone, Jac",2026,1426,378,342,31,0,109,4,55,17,2,16,1,85.55096359743041,120.2,110.77,10.713062098501071,13.0,33.009478100480365,140,467,160,35,211,203,52,129,57,48,234,90,0.2631578947368421,159,0.4649122807017544,0.3306878306878307,0.7956001113895851,0.2017543859649123,21.375,23.625,0.082010582010582,0.28835978835978837,0.09259259259259259,0.42063492063492064,0.3426124197002141,0.07494646680942184,0.29978586723768735,0.4346895074946467,0.4518201284796574,0.11134903640256959,0.5512820512820513,0.24358974358974358,0.20512820512820512,1
695578,"Wood, James",2025,2006,473,402,58,8,133,2,61,23,0,28,3,87.07880085653106,117.9,112.03999999999999,9.492505353319057,11.0,31.37823812501122,142,467,167,47,223,197,43,106,71,95,272,112,0.27860696517412936,219,0.5447761194029851,0.38054968287526425,0.9253258022782493,0.26616915422885573,14.357142857142858,16.892857142857142,0.13953488372093023,0.28118393234672306,0.10782241014799154,0.4630021141649049,0.3576017130620985,0.1006423982869379,0.30406852248394006,0.42184154175588867,0.47751605995717344,0.09207708779443255,0.3897058823529412,0.2610294117647059,0.3492647058823529,1
700250,"Rice, Ben",2026,1734,441,383,49,4,105,3,52,19,3,31,2,85.2787072243346,111.4,105.675,13.998102466793169,17.0,31.785132895720373,166,526,166,42,230,218,78,159,51,70,280,105,0.2741514360313316,223,0.5822454308093995,0.36507936507936506,0.9473247958887645,0.3080939947780679,12.35483870967742,14.225806451612904,0.12018140589569161,0.23809523809523808,0.12018140589569161,0.5056689342403629,0.3155893536121673,0.07984790874524715,0.3155893536121673,0.4144486692015209,0.4372623574144487,0.1482889733840304,0.5678571428571428,0.18214285714285713,0.25,1
808959,"Murakami, Munetaka",2026,1266,290,240,44,4,95,1,29,7,0,21,1,87.14817518248175,114.1,108.9,17.634057971014492,24.0,34.718401715154016,66,274,102,28,107,116,53,71,42,33,146,57,0.2375,127,0.5291666666666667,0.36551724137931035,0.894683908045977,0.2916666666666667,11.428571428571429,13.80952380952381,0.16551724137931034,0.3275862068965517,0.09655172413793103,0.4379310344827586,0.3722627737226277,0.10218978102189781,0.24087591240875914,0.4233576642335766,0.3905109489051095,0.19343065693430658,0.4863013698630137,0.2876712328767123,0.22602739726027396,1
